Using pre-set license
Built from '2022.3/staging' branch; Version is '2022.3.44f1 (c3ae09b9f03c) revision 12824073'; Using compiler version '192829333'; Build Type 'Release'
OS: 'Windows 11  (10.0.22631) 64bit Core' Language: 'en' Physical Memory: 16110 MB
BatchMode: 1, IsHumanControllingUs: 0, StartBugReporterOnCrash: 0, Is64bit: 1, IsPro: 1

COMMAND LINE ARGUMENTS:
C:\Program Files\Unity\Hub\Editor\2022.3.44f1\Editor\Unity.exe
-adb2
-batchMode
-noUpm
-name
AssetImportWorker0
-projectPath
C:/Users/dudea/Documents/GitHub/PirateHorrorGame
-logFile
Logs/AssetImportWorker0.log
-srvPort
55897
Successfully changed project path to: C:/Users/dudea/Documents/GitHub/PirateHorrorGame
C:/Users/dudea/Documents/GitHub/PirateHorrorGame
[UnityMemory] Configuration Parameters - Can be set up in boot.config
    "memorysetup-bucket-allocator-granularity=16"
    "memorysetup-bucket-allocator-bucket-count=8"
    "memorysetup-bucket-allocator-block-size=33554432"
    "memorysetup-bucket-allocator-block-count=8"
    "memorysetup-main-allocator-block-size=16777216"
    "memorysetup-thread-allocator-block-size=16777216"
    "memorysetup-gfx-main-allocator-block-size=16777216"
    "memorysetup-gfx-thread-allocator-block-size=16777216"
    "memorysetup-cache-allocator-block-size=4194304"
    "memorysetup-typetree-allocator-block-size=2097152"
    "memorysetup-profiler-bucket-allocator-granularity=16"
    "memorysetup-profiler-bucket-allocator-bucket-count=8"
    "memorysetup-profiler-bucket-allocator-block-size=33554432"
    "memorysetup-profiler-bucket-allocator-block-count=8"
    "memorysetup-profiler-allocator-block-size=16777216"
    "memorysetup-profiler-editor-allocator-block-size=1048576"
    "memorysetup-temp-allocator-size-main=16777216"
    "memorysetup-job-temp-allocator-block-size=2097152"
    "memorysetup-job-temp-allocator-block-size-background=1048576"
    "memorysetup-job-temp-allocator-reduction-small-platforms=262144"
    "memorysetup-allocator-temp-initial-block-size-main=262144"
    "memorysetup-allocator-temp-initial-block-size-worker=262144"
    "memorysetup-temp-allocator-size-background-worker=32768"
    "memorysetup-temp-allocator-size-job-worker=262144"
    "memorysetup-temp-allocator-size-preload-manager=33554432"
    "memorysetup-temp-allocator-size-nav-mesh-worker=65536"
    "memorysetup-temp-allocator-size-audio-worker=65536"
    "memorysetup-temp-allocator-size-cloud-worker=32768"
    "memorysetup-temp-allocator-size-gi-baking-worker=262144"
    "memorysetup-temp-allocator-size-gfx=262144"
Player connection [11720]  Target information:

Player connection [11720]  * "[IP] 10.0.0.143 [Port] 0 [Flags] 2 [Guid] 180818489 [EditorId] 180818489 [Version] 1048832 [Id] WindowsEditor(7,DESKTOP-U0MULVN) [Debug] 1 [PackageName] WindowsEditor [ProjectName] Editor" 

Player connection [11720]  * "[IP] 192.168.56.1 [Port] 0 [Flags] 2 [Guid] 180818489 [EditorId] 180818489 [Version] 1048832 [Id] WindowsEditor(7,DESKTOP-U0MULVN) [Debug] 1 [PackageName] WindowsEditor [ProjectName] Editor" 

Player connection [11720] Host joined multi-casting on [225.0.0.222:54997]...
Player connection [11720] Host joined alternative multi-casting on [225.0.0.222:34997]...
[PhysX] Initialized MultithreadedTaskDispatcher with 16 workers.
Refreshing native plugins compatible for Editor in 7.41 ms, found 3 plugins.
Preloading 0 native plugins for Editor in 0.00 ms.
Initialize engine version: 2022.3.44f1 (c3ae09b9f03c)
[Subsystems] Discovering subsystems at path C:/Program Files/Unity/Hub/Editor/2022.3.44f1/Editor/Data/Resources/UnitySubsystems
[Subsystems] Discovering subsystems at path C:/Users/dudea/Documents/GitHub/PirateHorrorGame/Assets
GfxDevice: creating device client; threaded=0; jobified=0
Direct3D:
    Version:  Direct3D 11.0 [level 11.1]
    Renderer: NVIDIA GeForce RTX 3050 Ti Laptop GPU (ID=0x25a0)
    Vendor:   NVIDIA
    VRAM:     3962 MB
    Driver:   32.0.15.6636
Initialize mono
Mono path[0] = 'C:/Program Files/Unity/Hub/Editor/2022.3.44f1/Editor/Data/Managed'
Mono path[1] = 'C:/Program Files/Unity/Hub/Editor/2022.3.44f1/Editor/Data/MonoBleedingEdge/lib/mono/unityjit-win32'
Mono config path = 'C:/Program Files/Unity/Hub/Editor/2022.3.44f1/Editor/Data/MonoBleedingEdge/etc'
Using monoOptions --debugger-agent=transport=dt_socket,embedding=1,server=y,suspend=n,address=127.0.0.1:56808
Begin MonoManager ReloadAssembly
Registering precompiled unity dll's ...
Register platform support module: C:/Program Files/Unity/Hub/Editor/2022.3.44f1/Editor/Data/PlaybackEngines/WindowsStandaloneSupport/UnityEditor.WindowsStandalone.Extensions.dll
Registered in 0.007105 seconds.
- Loaded All Assemblies, in  0.316 seconds
Native extension for WindowsStandalone target not found
Mono: successfully reloaded assembly
- Finished resetting the current domain, in  0.241 seconds
Domain Reload Profiling: 556ms
	BeginReloadAssembly (95ms)
		ExecutionOrderSort (0ms)
		DisableScriptedObjects (0ms)
		BackupInstance (0ms)
		ReleaseScriptingObjects (0ms)
		CreateAndSetChildDomain (1ms)
	RebuildCommonClasses (30ms)
	RebuildNativeTypeToScriptingClass (9ms)
	initialDomainReloadingComplete (52ms)
	LoadAllAssembliesAndSetupDomain (128ms)
		LoadAssemblies (94ms)
		RebuildTransferFunctionScriptingTraits (0ms)
		AnalyzeDomain (126ms)
			TypeCache.Refresh (124ms)
				TypeCache.ScanAssembly (111ms)
			ScanForSourceGeneratedMonoScriptInfo (0ms)
			ResolveRequiredComponents (0ms)
	FinalizeReload (242ms)
		ReleaseScriptCaches (0ms)
		RebuildScriptCaches (0ms)
		SetupLoadedEditorAssemblies (200ms)
			LogAssemblyErrors (0ms)
			InitializePlatformSupportModulesInManaged (8ms)
			SetLoadedEditorAssemblies (7ms)
			RefreshPlugins (0ms)
			BeforeProcessingInitializeOnLoad (2ms)
			ProcessInitializeOnLoadAttributes (137ms)
			ProcessInitializeOnLoadMethodAttributes (47ms)
			AfterProcessingInitializeOnLoad (0ms)
			EditorAssembliesLoaded (0ms)
		ExecutionOrderSort2 (0ms)
		AwakeInstancesAfterBackupRestoration (0ms)
========================================================================
Worker process is ready to serve import requests
Caller must complete domain reload
Begin MonoManager ReloadAssembly
- Loaded All Assemblies, in  0.607 seconds
Native extension for WindowsStandalone target not found
Package Manager log level set to [2]
[Package Manager] Server::EnsureServerProcessIsRunning -- launch failed, reason: Unity was launched with the -noUpm command-line argument
[Package Manager] UpmClient::Send -- Unable to send message (not connected to UPM process).
[Package Manager] Cannot connect to Unity Package Manager local server
Mono: successfully reloaded assembly
- Finished resetting the current domain, in  0.580 seconds
Domain Reload Profiling: 1184ms
	BeginReloadAssembly (142ms)
		ExecutionOrderSort (0ms)
		DisableScriptedObjects (5ms)
		BackupInstance (0ms)
		ReleaseScriptingObjects (0ms)
		CreateAndSetChildDomain (24ms)
	RebuildCommonClasses (32ms)
	RebuildNativeTypeToScriptingClass (9ms)
	initialDomainReloadingComplete (37ms)
	LoadAllAssembliesAndSetupDomain (384ms)
		LoadAssemblies (274ms)
		RebuildTransferFunctionScriptingTraits (0ms)
		AnalyzeDomain (186ms)
			TypeCache.Refresh (155ms)
				TypeCache.ScanAssembly (139ms)
			ScanForSourceGeneratedMonoScriptInfo (21ms)
			ResolveRequiredComponents (6ms)
	FinalizeReload (581ms)
		ReleaseScriptCaches (0ms)
		RebuildScriptCaches (0ms)
		SetupLoadedEditorAssemblies (446ms)
			LogAssemblyErrors (0ms)
			InitializePlatformSupportModulesInManaged (7ms)
			SetLoadedEditorAssemblies (3ms)
			RefreshPlugins (0ms)
			BeforeProcessingInitializeOnLoad (57ms)
			ProcessInitializeOnLoadAttributes (345ms)
			ProcessInitializeOnLoadMethodAttributes (26ms)
			AfterProcessingInitializeOnLoad (9ms)
			EditorAssembliesLoaded (0ms)
		ExecutionOrderSort2 (0ms)
		AwakeInstancesAfterBackupRestoration (7ms)
Launched and connected shader compiler UnityShaderCompiler.exe after 0.03 seconds
Refreshing native plugins compatible for Editor in 2.71 ms, found 3 plugins.
Preloading 0 native plugins for Editor in 0.00 ms.
Unloading 3850 Unused Serialized files (Serialized files now loaded: 0)
Unloading 44 unused Assets / (3.0 MB). Loaded Objects now: 4298.
Memory consumption went from 180.8 MB to 177.8 MB.
Total: 3.747600 ms (FindLiveObjects: 0.374900 ms CreateObjectMapping: 0.156600 ms MarkObjects: 2.631000 ms  DeleteObjects: 0.584200 ms)

AssetImportParameters requested are different than current active one (requested -> active):
  custom:container-demuxer-ogg: 62fdf1f143b41e24485cea50d1cbac27 -> 
  custom:video-codec-MediaFoundation-h265: 746d11721c4dcdbdad8f713fa42b33f4 -> 
  custom:video-decoder-ogg-theora: a1e56fd34408186e4bbccfd4996cb3dc -> 
  custom:framework-win-MediaFoundation: 216162199b28c13a410421893ffa2e32 -> 
  custom:CustomObjectIndexerAttribute: 9a22284fe3817be447336de3de66b15e -> 
  custom:container-demuxer-webm: 4f35f7cbe854078d1ac9338744f61a02 -> 
  custom:container-muxer-webm: aa71ff27fc2769a1b78a27578f13a17b -> 
  custom:video-decoder-webm-vp8: 9c59270c3fd7afecdb556c50c9e8de78 -> 
  custom:SearchIndexIgnoredProperties: e643bd26f0fe6173181afceb89e7c659 -> 
  custom:AudioImporter_EditorPlatform: d09bf68614088b80899f8185d706f6e7 -> 
  custom:video-encoder-webm-vp8: eb34c28f22e8b96e1ab97ce403110664 -> 
  custom:audio-decoder-ogg-vorbis: bf7c407c2cedff20999df2af8eb42d56 -> 
  custom:audio-encoder-webm-vorbis: bf7c407c2cedff20999df2af8eb42d56 -> 
========================================================================
Received Import Request.
  Time since last request: 18041.052142 seconds.
  path: Assets/Assets/Pre-Evalution/office-assets
  artifactKey: Guid(020853ee6163ed14b8de3d1850cd2cce) Importer(815301076,1909f56bfc062723c751e8b465ee728b)
Start importing Assets/Assets/Pre-Evalution/office-assets using Guid(020853ee6163ed14b8de3d1850cd2cce) Importer(815301076,1909f56bfc062723c751e8b465ee728b) [PhysX] Initialized MultithreadedTaskDispatcher with 16 workers.
 -> (artifact id: '20d1072ce7afc1f595c461d3373b140e') in 0.002811 seconds
Number of updated asset objects reloaded before import = 0
Number of asset objects unloaded after import = 0
========================================================================
Received Import Request.
  Time since last request: 0.614296 seconds.
  path: Assets/Assets/Pre-Evalution/office-assets/source
  artifactKey: Guid(97b7e763c4f124c4abe431eca02fdfc3) Importer(815301076,1909f56bfc062723c751e8b465ee728b)
Start importing Assets/Assets/Pre-Evalution/office-assets/source using Guid(97b7e763c4f124c4abe431eca02fdfc3) Importer(815301076,1909f56bfc062723c751e8b465ee728b) [PhysX] Initialized MultithreadedTaskDispatcher with 16 workers.
 -> (artifact id: '1235660a45206ef9f75d838f79962e92') in 0.000687 seconds
Number of updated asset objects reloaded before import = 0
Number of asset objects unloaded after import = 0
========================================================================
Received Import Request.
  Time since last request: 1.036056 seconds.
  path: Assets/Assets/Pre-Evalution/office-assets/source/OfficeAssets_free.blend
  artifactKey: Guid(d66f49e936a8123499a42b1df4716dc6) Importer(815301076,1909f56bfc062723c751e8b465ee728b)
Start importing Assets/Assets/Pre-Evalution/office-assets/source/OfficeAssets_free.blend using Guid(d66f49e936a8123499a42b1df4716dc6) Importer(815301076,1909f56bfc062723c751e8b465ee728b) [PhysX] Initialized MultithreadedTaskDispatcher with 16 workers.
[PhysX] Initialized MultithreadedTaskDispatcher with 16 workers.
[PhysX] Initialized MultithreadedTaskDispatcher with 16 workers.
[PhysX] Initialized MultithreadedTaskDispatcher with 16 workers.
[PhysX] Initialized MultithreadedTaskDispatcher with 16 workers.
[PhysX] Initialized MultithreadedTaskDispatcher with 16 workers.
[PhysX] Initialized MultithreadedTaskDispatcher with 16 workers.
[PhysX] Initialized MultithreadedTaskDispatcher with 16 workers.
[PhysX] Initialized MultithreadedTaskDispatcher with 16 workers.
[PhysX] Initialized MultithreadedTaskDispatcher with 16 workers.
[PhysX] Initialized MultithreadedTaskDispatcher with 16 workers.
[PhysX] Initialized MultithreadedTaskDispatcher with 16 workers.
[PhysX] Initialized MultithreadedTaskDispatcher with 16 workers.
[PhysX] Initialized MultithreadedTaskDispatcher with 16 workers.
[PhysX] Initialized MultithreadedTaskDispatcher with 16 workers.
[PhysX] Initialized MultithreadedTaskDispatcher with 16 workers.
[PhysX] Initialized MultithreadedTaskDispatcher with 16 workers.
[PhysX] Initialized MultithreadedTaskDispatcher with 16 workers.
[PhysX] Initialized MultithreadedTaskDispatcher with 16 workers.
[PhysX] Initialized MultithreadedTaskDispatcher with 16 workers.
[PhysX] Initialized MultithreadedTaskDispatcher with 16 workers.
[PhysX] Initialized MultithreadedTaskDispatcher with 16 workers.
[PhysX] Initialized MultithreadedTaskDispatcher with 16 workers.
[PhysX] Initialized MultithreadedTaskDispatcher with 16 workers.
[PhysX] Initialized MultithreadedTaskDispatcher with 16 workers.
[PhysX] Initialized MultithreadedTaskDispatcher with 16 workers.
[PhysX] Initialized MultithreadedTaskDispatcher with 16 workers.
[PhysX] Initialized MultithreadedTaskDispatcher with 16 workers.
[PhysX] Initialized MultithreadedTaskDispatcher with 16 workers.
[PhysX] Initialized MultithreadedTaskDispatcher with 16 workers.
[PhysX] Initialized MultithreadedTaskDispatcher with 16 workers.
[PhysX] Initialized MultithreadedTaskDispatcher with 16 workers.
[PhysX] Initialized MultithreadedTaskDispatcher with 16 workers.
[PhysX] Initialized MultithreadedTaskDispatcher with 16 workers.
[PhysX] Initialized MultithreadedTaskDispatcher with 16 workers.
[PhysX] Initialized MultithreadedTaskDispatcher with 16 workers.
[PhysX] Initialized MultithreadedTaskDispatcher with 16 workers.
[PhysX] Initialized MultithreadedTaskDispatcher with 16 workers.
[PhysX] Initialized MultithreadedTaskDispatcher with 16 workers.
[PhysX] Initialized MultithreadedTaskDispatcher with 16 workers.
[PhysX] Initialized MultithreadedTaskDispatcher with 16 workers.
[PhysX] Initialized MultithreadedTaskDispatcher with 16 workers.
[PhysX] Initialized MultithreadedTaskDispatcher with 16 workers.
[PhysX] Initialized MultithreadedTaskDispatcher with 16 workers.
[PhysX] Initialized MultithreadedTaskDispatcher with 16 workers.
[PhysX] Initialized MultithreadedTaskDispatcher with 16 workers.
[PhysX] Initialized MultithreadedTaskDispatcher with 16 workers.
[PhysX] Initialized MultithreadedTaskDispatcher with 16 workers.
[PhysX] Initialized MultithreadedTaskDispatcher with 16 workers.
[PhysX] Initialized MultithreadedTaskDispatcher with 16 workers.
[PhysX] Initialized MultithreadedTaskDispatcher with 16 workers.
[PhysX] Initialized MultithreadedTaskDispatcher with 16 workers.
[PhysX] Initialized MultithreadedTaskDispatcher with 16 workers.
[PhysX] Initialized MultithreadedTaskDispatcher with 16 workers.
[PhysX] Initialized MultithreadedTaskDispatcher with 16 workers.
[PhysX] Initialized MultithreadedTaskDispatcher with 16 workers.
[PhysX] Initialized MultithreadedTaskDispatcher with 16 workers.
[PhysX] Initialized MultithreadedTaskDispatcher with 16 workers.
[PhysX] Initialized MultithreadedTaskDispatcher with 16 workers.
[PhysX] Initialized MultithreadedTaskDispatcher with 16 workers.
[PhysX] Initialized MultithreadedTaskDispatcher with 16 workers.
[PhysX] Initialized MultithreadedTaskDispatcher with 16 workers.
[PhysX] Initialized MultithreadedTaskDispatcher with 16 workers.
[PhysX] Initialized MultithreadedTaskDispatcher with 16 workers.
[PhysX] Initialized MultithreadedTaskDispatcher with 16 workers.
[PhysX] Initialized MultithreadedTaskDispatcher with 16 workers.
[PhysX] Initialized MultithreadedTaskDispatcher with 16 workers.
[PhysX] Initialized MultithreadedTaskDispatcher with 16 workers.
[PhysX] Initialized MultithreadedTaskDispatcher with 16 workers.
[PhysX] Initialized MultithreadedTaskDispatcher with 16 workers.
[PhysX] Initialized MultithreadedTaskDispatcher with 16 workers.
[PhysX] Initialized MultithreadedTaskDispatcher with 16 workers.
[PhysX] Initialized MultithreadedTaskDispatcher with 16 workers.
[PhysX] Initialized MultithreadedTaskDispatcher with 16 workers.
[PhysX] Initialized MultithreadedTaskDispatcher with 16 workers.
[PhysX] Initialized MultithreadedTaskDispatcher with 16 workers.
[PhysX] Initialized MultithreadedTaskDispatcher with 16 workers.
[PhysX] Initialized MultithreadedTaskDispatcher with 16 workers.
[PhysX] Initialized MultithreadedTaskDispatcher with 16 workers.
[PhysX] Initialized MultithreadedTaskDispatcher with 16 workers.
[PhysX] Initialized MultithreadedTaskDispatcher with 16 workers.
[PhysX] Initialized MultithreadedTaskDispatcher with 16 workers.
[PhysX] Initialized MultithreadedTaskDispatcher with 16 workers.
[PhysX] Initialized MultithreadedTaskDispatcher with 16 workers.
[PhysX] Initialized MultithreadedTaskDispatcher with 16 workers.
[PhysX] Initialized MultithreadedTaskDispatcher with 16 workers.
[PhysX] Initialized MultithreadedTaskDispatcher with 16 workers.
[PhysX] Initialized MultithreadedTaskDispatcher with 16 workers.
[PhysX] Initialized MultithreadedTaskDispatcher with 16 workers.
[PhysX] Initialized MultithreadedTaskDispatcher with 16 workers.
[PhysX] Initialized MultithreadedTaskDispatcher with 16 workers.
[PhysX] Initialized MultithreadedTaskDispatcher with 16 workers.
[PhysX] Initialized MultithreadedTaskDispatcher with 16 workers.
[PhysX] Initialized MultithreadedTaskDispatcher with 16 workers.
[PhysX] Initialized MultithreadedTaskDispatcher with 16 workers.
[PhysX] Initialized MultithreadedTaskDispatcher with 16 workers.
[PhysX] Initialized MultithreadedTaskDispatcher with 16 workers.
[PhysX] Initialized MultithreadedTaskDispatcher with 16 workers.
[PhysX] Initialized MultithreadedTaskDispatcher with 16 workers.
[PhysX] Initialized MultithreadedTaskDispatcher with 16 workers.
[PhysX] Initialized MultithreadedTaskDispatcher with 16 workers.
[PhysX] Initialized MultithreadedTaskDispatcher with 16 workers.
[PhysX] Initialized MultithreadedTaskDispatcher with 16 workers.
[PhysX] Initialized MultithreadedTaskDispatcher with 16 workers.
 -> (artifact id: '76362c63cde98886a1ec4b849db4793c') in 0.474849 seconds
Number of updated asset objects reloaded before import = 0
Number of asset objects unloaded after import = 308
========================================================================
Received Import Request.
  Time since last request: 23.672159 seconds.
  path: Assets/Assets/Pre-Evalution/office-assets/source/textures
  artifactKey: Guid(c22fe0a9a92765e43a04455fd891de2c) Importer(815301076,1909f56bfc062723c751e8b465ee728b)
Start importing Assets/Assets/Pre-Evalution/office-assets/source/textures using Guid(c22fe0a9a92765e43a04455fd891de2c) Importer(815301076,1909f56bfc062723c751e8b465ee728b) [PhysX] Initialized MultithreadedTaskDispatcher with 16 workers.
 -> (artifact id: '9ba2375ce41a34671cc45561dd39e5da') in 0.001041 seconds
Number of updated asset objects reloaded before import = 0
Number of asset objects unloaded after import = 0
========================================================================
Received Import Request.
  Time since last request: 0.028143 seconds.
  path: Assets/Assets/Pre-Evalution/office-assets/source/textures/internal_ground_ao_texture.jpeg
  artifactKey: Guid(ba47dfc09e2dc1241a2d64c89d204b36) Importer(815301076,1909f56bfc062723c751e8b465ee728b)
Start importing Assets/Assets/Pre-Evalution/office-assets/source/textures/internal_ground_ao_texture.jpeg using Guid(ba47dfc09e2dc1241a2d64c89d204b36) Importer(815301076,1909f56bfc062723c751e8b465ee728b) [PhysX] Initialized MultithreadedTaskDispatcher with 16 workers.
[PhysX] Initialized MultithreadedTaskDispatcher with 16 workers.
 -> (artifact id: '427252666d3eae78bbb6d31f91675959') in 0.032866 seconds
Number of updated asset objects reloaded before import = 0
Number of asset objects unloaded after import = 2
========================================================================
Received Import Request.
  Time since last request: 0.000045 seconds.
  path: Assets/Assets/Pre-Evalution/office-assets/source/textures/M_TapeRecorder_1024_Colour.jpeg
  artifactKey: Guid(e431895ee2066e54781b822c780fc343) Importer(815301076,1909f56bfc062723c751e8b465ee728b)
Start importing Assets/Assets/Pre-Evalution/office-assets/source/textures/M_TapeRecorder_1024_Colour.jpeg using Guid(e431895ee2066e54781b822c780fc343) Importer(815301076,1909f56bfc062723c751e8b465ee728b) [PhysX] Initialized MultithreadedTaskDispatcher with 16 workers.
[PhysX] Initialized MultithreadedTaskDispatcher with 16 workers.
 -> (artifact id: 'c742268f8529a66359dcefc147dbcab3') in 0.023658 seconds
Number of updated asset objects reloaded before import = 0
Number of asset objects unloaded after import = 2
========================================================================
Received Import Request.
  Time since last request: 0.000028 seconds.
  path: Assets/Assets/Pre-Evalution/office-assets/source/textures/M_Cactus_1024_ARM_JPEG@channels=G.jpeg
  artifactKey: Guid(eb9e4f5426ed7984b92b1e57563f2b6c) Importer(815301076,1909f56bfc062723c751e8b465ee728b)
Start importing Assets/Assets/Pre-Evalution/office-assets/source/textures/M_Cactus_1024_ARM_JPEG@channels=G.jpeg using Guid(eb9e4f5426ed7984b92b1e57563f2b6c) Importer(815301076,1909f56bfc062723c751e8b465ee728b) [PhysX] Initialized MultithreadedTaskDispatcher with 16 workers.
[PhysX] Initialized MultithreadedTaskDispatcher with 16 workers.
 -> (artifact id: '6143c549125287bd212f368fe2e917b0') in 0.032662 seconds
Number of updated asset objects reloaded before import = 0
Number of asset objects unloaded after import = 2
========================================================================
Received Import Request.
  Time since last request: 0.000040 seconds.
  path: Assets/Assets/Pre-Evalution/office-assets/source/textures/M_OfficeStool_Bin_2048_ARM_JPEG@channels=B.jpeg
  artifactKey: Guid(2237295536aff2140ac01fffa1911ae7) Importer(815301076,1909f56bfc062723c751e8b465ee728b)
Start importing Assets/Assets/Pre-Evalution/office-assets/source/textures/M_OfficeStool_Bin_2048_ARM_JPEG@channels=B.jpeg using Guid(2237295536aff2140ac01fffa1911ae7) Importer(815301076,1909f56bfc062723c751e8b465ee728b) [PhysX] Initialized MultithreadedTaskDispatcher with 16 workers.
[PhysX] Initialized MultithreadedTaskDispatcher with 16 workers.
 -> (artifact id: 'ef3474ba378c8a75c8361795b670e6ac') in 0.021202 seconds
Number of updated asset objects reloaded before import = 0
Number of asset objects unloaded after import = 2
========================================================================
Received Import Request.
  Time since last request: 0.000024 seconds.
  path: Assets/Assets/Pre-Evalution/office-assets/source/textures/M_Office_PinBoard_Photo_Notepad_1024_ARM_JPEG@channels=G.jpeg
  artifactKey: Guid(d85907edbef57104eb87f8e686213b1e) Importer(815301076,1909f56bfc062723c751e8b465ee728b)
Start importing Assets/Assets/Pre-Evalution/office-assets/source/textures/M_Office_PinBoard_Photo_Notepad_1024_ARM_JPEG@channels=G.jpeg using Guid(d85907edbef57104eb87f8e686213b1e) Importer(815301076,1909f56bfc062723c751e8b465ee728b) [PhysX] Initialized MultithreadedTaskDispatcher with 16 workers.
[PhysX] Initialized MultithreadedTaskDispatcher with 16 workers.
 -> (artifact id: '6187fde66f988e4b3ddd61378af07609') in 0.024052 seconds
Number of updated asset objects reloaded before import = 0
Number of asset objects unloaded after import = 2
========================================================================
Received Import Request.
  Time since last request: 0.000031 seconds.
  path: Assets/Assets/Pre-Evalution/office-assets/source/textures/M_Computer_2048_ARMO_JPEG@channels=B.jpeg
  artifactKey: Guid(af59aaeeedc61914fbc02956b4a8693a) Importer(815301076,1909f56bfc062723c751e8b465ee728b)
Start importing Assets/Assets/Pre-Evalution/office-assets/source/textures/M_Computer_2048_ARMO_JPEG@channels=B.jpeg using Guid(af59aaeeedc61914fbc02956b4a8693a) Importer(815301076,1909f56bfc062723c751e8b465ee728b) [PhysX] Initialized MultithreadedTaskDispatcher with 16 workers.
[PhysX] Initialized MultithreadedTaskDispatcher with 16 workers.
 -> (artifact id: 'a06cb584738d9e121b6825145b1c08a3') in 0.020816 seconds
Number of updated asset objects reloaded before import = 0
Number of asset objects unloaded after import = 2
========================================================================
Received Import Request.
  Time since last request: 0.000022 seconds.
  path: Assets/Assets/Pre-Evalution/office-assets/source/textures/M_Clipboard_Notepad_1024_ARM_JPEG@channels=G.jpeg
  artifactKey: Guid(16b3dc83ed8315c4fbc47705fa86b4f1) Importer(815301076,1909f56bfc062723c751e8b465ee728b)
Start importing Assets/Assets/Pre-Evalution/office-assets/source/textures/M_Clipboard_Notepad_1024_ARM_JPEG@channels=G.jpeg using Guid(16b3dc83ed8315c4fbc47705fa86b4f1) Importer(815301076,1909f56bfc062723c751e8b465ee728b) [PhysX] Initialized MultithreadedTaskDispatcher with 16 workers.
[PhysX] Initialized MultithreadedTaskDispatcher with 16 workers.
 -> (artifact id: '65ac384ea89e04e55dd7745a6f29df6c') in 0.016000 seconds
Number of updated asset objects reloaded before import = 0
Number of asset objects unloaded after import = 2
========================================================================
Received Import Request.
  Time since last request: 0.000027 seconds.
  path: Assets/Assets/Pre-Evalution/office-assets/source/textures/M_Clipboard_Notepad_1024_ARM_JPEG@channels=B.jpeg
  artifactKey: Guid(b42c4d7e6ba28f1448772d3fd616d833) Importer(815301076,1909f56bfc062723c751e8b465ee728b)
Start importing Assets/Assets/Pre-Evalution/office-assets/source/textures/M_Clipboard_Notepad_1024_ARM_JPEG@channels=B.jpeg using Guid(b42c4d7e6ba28f1448772d3fd616d833) Importer(815301076,1909f56bfc062723c751e8b465ee728b) [PhysX] Initialized MultithreadedTaskDispatcher with 16 workers.
[PhysX] Initialized MultithreadedTaskDispatcher with 16 workers.
 -> (artifact id: '770b71680b28b974d6047587506cc4e2') in 0.020167 seconds
Number of updated asset objects reloaded before import = 0
Number of asset objects unloaded after import = 2
========================================================================
Received Import Request.
  Time since last request: 0.000023 seconds.
  path: Assets/Assets/Pre-Evalution/office-assets/source/textures/M_Sigarettes_512_Normal_OGL_JPEG.jpeg
  artifactKey: Guid(e46269c6b4a0e3c4f898a202b0431194) Importer(815301076,1909f56bfc062723c751e8b465ee728b)
Start importing Assets/Assets/Pre-Evalution/office-assets/source/textures/M_Sigarettes_512_Normal_OGL_JPEG.jpeg using Guid(e46269c6b4a0e3c4f898a202b0431194) Importer(815301076,1909f56bfc062723c751e8b465ee728b) [PhysX] Initialized MultithreadedTaskDispatcher with 16 workers.
[PhysX] Initialized MultithreadedTaskDispatcher with 16 workers.
 -> (artifact id: 'dee36220b5384b76e9137c587203e443') in 0.016583 seconds
Number of updated asset objects reloaded before import = 0
Number of asset objects unloaded after import = 2
========================================================================
Received Import Request.
  Time since last request: 0.000029 seconds.
  path: Assets/Assets/Pre-Evalution/office-assets/source/textures/M_TapeRecorder_1024_ARM_JPEG@channels=G.jpeg
  artifactKey: Guid(b1a4a1848f301d046831ed19f2edaedb) Importer(815301076,1909f56bfc062723c751e8b465ee728b)
Start importing Assets/Assets/Pre-Evalution/office-assets/source/textures/M_TapeRecorder_1024_ARM_JPEG@channels=G.jpeg using Guid(b1a4a1848f301d046831ed19f2edaedb) Importer(815301076,1909f56bfc062723c751e8b465ee728b) [PhysX] Initialized MultithreadedTaskDispatcher with 16 workers.
[PhysX] Initialized MultithreadedTaskDispatcher with 16 workers.
 -> (artifact id: '84d933344e3107235c822e5a44e28667') in 0.018758 seconds
Number of updated asset objects reloaded before import = 0
Number of asset objects unloaded after import = 2
========================================================================
Received Import Request.
  Time since last request: 0.000034 seconds.
  path: Assets/Assets/Pre-Evalution/office-assets/source/textures/M_TapeRecorder_1024_Normal_OGL_JPEG.jpeg
  artifactKey: Guid(91a3e65a1da402a4ab46ac6a635ddbbb) Importer(815301076,1909f56bfc062723c751e8b465ee728b)
Start importing Assets/Assets/Pre-Evalution/office-assets/source/textures/M_TapeRecorder_1024_Normal_OGL_JPEG.jpeg using Guid(91a3e65a1da402a4ab46ac6a635ddbbb) Importer(815301076,1909f56bfc062723c751e8b465ee728b) [PhysX] Initialized MultithreadedTaskDispatcher with 16 workers.
[PhysX] Initialized MultithreadedTaskDispatcher with 16 workers.
 -> (artifact id: '6a9ccf09be76d6b761a9592f712bacd1') in 0.021438 seconds
Number of updated asset objects reloaded before import = 0
Number of asset objects unloaded after import = 2
========================================================================
Received Import Request.
  Time since last request: 0.000031 seconds.
  path: Assets/Assets/Pre-Evalution/office-assets/source/textures/M_Office_PinBoard_Photo_Notepad_1024_Colour-M_Office_PinBoar.png
  artifactKey: Guid(f82907999b90279419ef0d54923d44e1) Importer(815301076,1909f56bfc062723c751e8b465ee728b)
Start importing Assets/Assets/Pre-Evalution/office-assets/source/textures/M_Office_PinBoard_Photo_Notepad_1024_Colour-M_Office_PinBoar.png using Guid(f82907999b90279419ef0d54923d44e1) Importer(815301076,1909f56bfc062723c751e8b465ee728b) [PhysX] Initialized MultithreadedTaskDispatcher with 16 workers.
[PhysX] Initialized MultithreadedTaskDispatcher with 16 workers.
 -> (artifact id: 'ff2acb88a72b4695c1d398cf973751fb') in 0.026503 seconds
Number of updated asset objects reloaded before import = 0
Number of asset objects unloaded after import = 2
========================================================================
Received Import Request.
  Time since last request: 0.000025 seconds.
  path: Assets/Assets/Pre-Evalution/office-assets/source/textures/M_Lamps_CCTV_2048_ARMO_JPEG@channels=B.jpeg
  artifactKey: Guid(6941eb94bdd03af40a295a09021ae8ad) Importer(815301076,1909f56bfc062723c751e8b465ee728b)
Start importing Assets/Assets/Pre-Evalution/office-assets/source/textures/M_Lamps_CCTV_2048_ARMO_JPEG@channels=B.jpeg using Guid(6941eb94bdd03af40a295a09021ae8ad) Importer(815301076,1909f56bfc062723c751e8b465ee728b) [PhysX] Initialized MultithreadedTaskDispatcher with 16 workers.
[PhysX] Initialized MultithreadedTaskDispatcher with 16 workers.
 -> (artifact id: 'cc8a781426e9f825513c04fc9baa64f6') in 0.020148 seconds
Number of updated asset objects reloaded before import = 0
Number of asset objects unloaded after import = 2
========================================================================
Received Import Request.
  Time since last request: 0.000085 seconds.
  path: Assets/Assets/Pre-Evalution/office-assets/source/textures/M_Lamps_CCTV_2048_Normal_OGL_JPEG.jpeg
  artifactKey: Guid(1a0c1def02a23184093d72e702bb9483) Importer(815301076,1909f56bfc062723c751e8b465ee728b)
Start importing Assets/Assets/Pre-Evalution/office-assets/source/textures/M_Lamps_CCTV_2048_Normal_OGL_JPEG.jpeg using Guid(1a0c1def02a23184093d72e702bb9483) Importer(815301076,1909f56bfc062723c751e8b465ee728b) [PhysX] Initialized MultithreadedTaskDispatcher with 16 workers.
[PhysX] Initialized MultithreadedTaskDispatcher with 16 workers.
 -> (artifact id: '93fd1deb5bbe9f7ba33118c5ec80a55b') in 0.019918 seconds
Number of updated asset objects reloaded before import = 0
Number of asset objects unloaded after import = 2
========================================================================
Received Import Request.
  Time since last request: 0.000019 seconds.
  path: Assets/Assets/Pre-Evalution/office-assets/source/textures/M_Office_PinBoard_Photo_Notepad_1024_ARM_JPEG@channels=B.jpeg
  artifactKey: Guid(d044af7ca1bc7e54ba4a0655144bd0bd) Importer(815301076,1909f56bfc062723c751e8b465ee728b)
Start importing Assets/Assets/Pre-Evalution/office-assets/source/textures/M_Office_PinBoard_Photo_Notepad_1024_ARM_JPEG@channels=B.jpeg using Guid(d044af7ca1bc7e54ba4a0655144bd0bd) Importer(815301076,1909f56bfc062723c751e8b465ee728b) [PhysX] Initialized MultithreadedTaskDispatcher with 16 workers.
[PhysX] Initialized MultithreadedTaskDispatcher with 16 workers.
 -> (artifact id: '097422cabcef07e549b6196888001d43') in 0.018656 seconds
Number of updated asset objects reloaded before import = 0
Number of asset objects unloaded after import = 2
========================================================================
Received Import Request.
  Time since last request: 0.000021 seconds.
  path: Assets/Assets/Pre-Evalution/office-assets/source/textures/M_TapeRecorder_Tape_Rotors_Glass_1024_Colour-M_TapeRecorder_.png
  artifactKey: Guid(c55cc5ac1b777b94ab8ae9573d0bec45) Importer(815301076,1909f56bfc062723c751e8b465ee728b)
Start importing Assets/Assets/Pre-Evalution/office-assets/source/textures/M_TapeRecorder_Tape_Rotors_Glass_1024_Colour-M_TapeRecorder_.png using Guid(c55cc5ac1b777b94ab8ae9573d0bec45) Importer(815301076,1909f56bfc062723c751e8b465ee728b) [PhysX] Initialized MultithreadedTaskDispatcher with 16 workers.
[PhysX] Initialized MultithreadedTaskDispatcher with 16 workers.
 -> (artifact id: '6894d7dbf6596337d278d04c19414846') in 0.022936 seconds
Number of updated asset objects reloaded before import = 0
Number of asset objects unloaded after import = 2
========================================================================
Received Import Request.
  Time since last request: 0.000033 seconds.
  path: Assets/Assets/Pre-Evalution/office-assets/source/textures/M_Sigarettes_512_ARMH_JPEG@channels=G.jpeg
  artifactKey: Guid(6e7b1f2bb44b2b0469de9aebda5a8a88) Importer(815301076,1909f56bfc062723c751e8b465ee728b)
Start importing Assets/Assets/Pre-Evalution/office-assets/source/textures/M_Sigarettes_512_ARMH_JPEG@channels=G.jpeg using Guid(6e7b1f2bb44b2b0469de9aebda5a8a88) Importer(815301076,1909f56bfc062723c751e8b465ee728b) [PhysX] Initialized MultithreadedTaskDispatcher with 16 workers.
[PhysX] Initialized MultithreadedTaskDispatcher with 16 workers.
 -> (artifact id: 'a98754a147ab83ea1a6319f41f445496') in 0.018993 seconds
Number of updated asset objects reloaded before import = 0
Number of asset objects unloaded after import = 2
========================================================================
Received Import Request.
  Time since last request: 0.000032 seconds.
  path: Assets/Assets/Pre-Evalution/office-assets/source/textures/M_Sigarettes_512_Colour_JPEG.jpeg
  artifactKey: Guid(db503029a431c53409f5ab0160aa6217) Importer(815301076,1909f56bfc062723c751e8b465ee728b)
Start importing Assets/Assets/Pre-Evalution/office-assets/source/textures/M_Sigarettes_512_Colour_JPEG.jpeg using Guid(db503029a431c53409f5ab0160aa6217) Importer(815301076,1909f56bfc062723c751e8b465ee728b) [PhysX] Initialized MultithreadedTaskDispatcher with 16 workers.
[PhysX] Initialized MultithreadedTaskDispatcher with 16 workers.
 -> (artifact id: 'f3f93de52897807dc200fdd26fb75740') in 0.017631 seconds
Number of updated asset objects reloaded before import = 0
Number of asset objects unloaded after import = 2
========================================================================
Received Import Request.
  Time since last request: 0.000029 seconds.
  path: Assets/Assets/Pre-Evalution/office-assets/source/textures/M_Filebox_1024_ARM_JPEG@channels=G.jpeg
  artifactKey: Guid(0cced02bdc86c1646ab31453d8dbbc6a) Importer(815301076,1909f56bfc062723c751e8b465ee728b)
Start importing Assets/Assets/Pre-Evalution/office-assets/source/textures/M_Filebox_1024_ARM_JPEG@channels=G.jpeg using Guid(0cced02bdc86c1646ab31453d8dbbc6a) Importer(815301076,1909f56bfc062723c751e8b465ee728b) [PhysX] Initialized MultithreadedTaskDispatcher with 16 workers.
[PhysX] Initialized MultithreadedTaskDispatcher with 16 workers.
 -> (artifact id: '19a27a2ba09e42161548e5b8cab5899a') in 0.019723 seconds
Number of updated asset objects reloaded before import = 0
Number of asset objects unloaded after import = 2
========================================================================
Received Import Request.
  Time since last request: 0.000023 seconds.
  path: Assets/Assets/Pre-Evalution/office-assets/source/textures/M_Cactus_1024_Normal_OGL_JPEG.jpeg
  artifactKey: Guid(bfede682b24de2943af339f572bc7bdd) Importer(815301076,1909f56bfc062723c751e8b465ee728b)
Start importing Assets/Assets/Pre-Evalution/office-assets/source/textures/M_Cactus_1024_Normal_OGL_JPEG.jpeg using Guid(bfede682b24de2943af339f572bc7bdd) Importer(815301076,1909f56bfc062723c751e8b465ee728b) [PhysX] Initialized MultithreadedTaskDispatcher with 16 workers.
[PhysX] Initialized MultithreadedTaskDispatcher with 16 workers.
 -> (artifact id: '2deb66610e70b87b4b48372d04c84156') in 0.016553 seconds
Number of updated asset objects reloaded before import = 0
Number of asset objects unloaded after import = 2
========================================================================
Received Import Request.
  Time since last request: 0.000025 seconds.
  path: Assets/Assets/Pre-Evalution/office-assets/source/textures/M_OfficeStool_Bin_2048_ARM_JPEG@channels=G.jpeg
  artifactKey: Guid(339445cf411ccc74286d9c6b79784e21) Importer(815301076,1909f56bfc062723c751e8b465ee728b)
Start importing Assets/Assets/Pre-Evalution/office-assets/source/textures/M_OfficeStool_Bin_2048_ARM_JPEG@channels=G.jpeg using Guid(339445cf411ccc74286d9c6b79784e21) Importer(815301076,1909f56bfc062723c751e8b465ee728b) [PhysX] Initialized MultithreadedTaskDispatcher with 16 workers.
[PhysX] Initialized MultithreadedTaskDispatcher with 16 workers.
 -> (artifact id: '9734e4c576f7e688312d32fb8f9689cd') in 0.021795 seconds
Number of updated asset objects reloaded before import = 0
Number of asset objects unloaded after import = 2
========================================================================
Received Import Request.
  Time since last request: 0.000039 seconds.
  path: Assets/Assets/Pre-Evalution/office-assets/source/textures/M_Vent_1024_ARM_JPEG@channels=B.jpeg
  artifactKey: Guid(313d35238e70ae741b8506b8cf99e7ad) Importer(815301076,1909f56bfc062723c751e8b465ee728b)
Start importing Assets/Assets/Pre-Evalution/office-assets/source/textures/M_Vent_1024_ARM_JPEG@channels=B.jpeg using Guid(313d35238e70ae741b8506b8cf99e7ad) Importer(815301076,1909f56bfc062723c751e8b465ee728b) [PhysX] Initialized MultithreadedTaskDispatcher with 16 workers.
[PhysX] Initialized MultithreadedTaskDispatcher with 16 workers.
 -> (artifact id: '71df7f4542ce60af725d55029a661267') in 0.020480 seconds
Number of updated asset objects reloaded before import = 0
Number of asset objects unloaded after import = 2
========================================================================
Received Import Request.
  Time since last request: 0.000033 seconds.
  path: Assets/Assets/Pre-Evalution/office-assets/source/textures/M_Vent_1024_ARM_JPEG@channels=G.jpeg
  artifactKey: Guid(8d2c3a5fad21c4f44ba034c06f660928) Importer(815301076,1909f56bfc062723c751e8b465ee728b)
Start importing Assets/Assets/Pre-Evalution/office-assets/source/textures/M_Vent_1024_ARM_JPEG@channels=G.jpeg using Guid(8d2c3a5fad21c4f44ba034c06f660928) Importer(815301076,1909f56bfc062723c751e8b465ee728b) [PhysX] Initialized MultithreadedTaskDispatcher with 16 workers.
[PhysX] Initialized MultithreadedTaskDispatcher with 16 workers.
 -> (artifact id: '4fe5124828269dd617a62d1bf8c4f1fd') in 0.023143 seconds
Number of updated asset objects reloaded before import = 0
Number of asset objects unloaded after import = 2
========================================================================
Received Import Request.
  Time since last request: 0.000060 seconds.
  path: Assets/Assets/Pre-Evalution/office-assets/source/textures/M_Clipboard_Notepad_1024_Colour.jpeg
  artifactKey: Guid(7cfc039996a721f4eb6a8d2b7ddb7b44) Importer(815301076,1909f56bfc062723c751e8b465ee728b)
Start importing Assets/Assets/Pre-Evalution/office-assets/source/textures/M_Clipboard_Notepad_1024_Colour.jpeg using Guid(7cfc039996a721f4eb6a8d2b7ddb7b44) Importer(815301076,1909f56bfc062723c751e8b465ee728b) [PhysX] Initialized MultithreadedTaskDispatcher with 16 workers.
[PhysX] Initialized MultithreadedTaskDispatcher with 16 workers.
 -> (artifact id: '787c6d08957f143a97bca927ac1fbbb9') in 0.020618 seconds
Number of updated asset objects reloaded before import = 0
Number of asset objects unloaded after import = 2
========================================================================
Received Import Request.
  Time since last request: 0.747021 seconds.
  path: Assets/Assets/Pre-Evalution/office-assets/source/textures/Poster_1024_ARM_JPEG@channels=G.jpeg
  artifactKey: Guid(df46c631815d27a4589709cb1fb6c151) Importer(815301076,1909f56bfc062723c751e8b465ee728b)
Start importing Assets/Assets/Pre-Evalution/office-assets/source/textures/Poster_1024_ARM_JPEG@channels=G.jpeg using Guid(df46c631815d27a4589709cb1fb6c151) Importer(815301076,1909f56bfc062723c751e8b465ee728b) [PhysX] Initialized MultithreadedTaskDispatcher with 16 workers.
[PhysX] Initialized MultithreadedTaskDispatcher with 16 workers.
 -> (artifact id: 'd133e95a1684d16ed6eceed49f405aca') in 0.015074 seconds
Number of updated asset objects reloaded before import = 0
Number of asset objects unloaded after import = 2
========================================================================
Received Import Request.
  Time since last request: 0.699627 seconds.
  path: Assets/Assets/Pre-Evalution/office-assets/source/textures/PhotoFrame_20x30_likeA4_512_ARM_JPEG@channels=B.jpeg
  artifactKey: Guid(6346686f5446f1a41ba0edc75d1a8924) Importer(815301076,1909f56bfc062723c751e8b465ee728b)
Start importing Assets/Assets/Pre-Evalution/office-assets/source/textures/PhotoFrame_20x30_likeA4_512_ARM_JPEG@channels=B.jpeg using Guid(6346686f5446f1a41ba0edc75d1a8924) Importer(815301076,1909f56bfc062723c751e8b465ee728b) [PhysX] Initialized MultithreadedTaskDispatcher with 16 workers.
[PhysX] Initialized MultithreadedTaskDispatcher with 16 workers.
 -> (artifact id: '52601e62dc015659258ccd35e9450d59') in 0.017949 seconds
Number of updated asset objects reloaded before import = 0
Number of asset objects unloaded after import = 2
========================================================================
Received Import Request.
  Time since last request: 0.000024 seconds.
  path: Assets/Assets/Pre-Evalution/office-assets/source/textures/Poster_1024_Normal_OGL_JPEG.jpeg
  artifactKey: Guid(97d857fd3baefd34a8f9c4dce316e381) Importer(815301076,1909f56bfc062723c751e8b465ee728b)
Start importing Assets/Assets/Pre-Evalution/office-assets/source/textures/Poster_1024_Normal_OGL_JPEG.jpeg using Guid(97d857fd3baefd34a8f9c4dce316e381) Importer(815301076,1909f56bfc062723c751e8b465ee728b) [PhysX] Initialized MultithreadedTaskDispatcher with 16 workers.
[PhysX] Initialized MultithreadedTaskDispatcher with 16 workers.
 -> (artifact id: 'd3b4e6a6ef213b5cca9bedbd1025f0cc') in 0.016091 seconds
Number of updated asset objects reloaded before import = 0
Number of asset objects unloaded after import = 2
========================================================================
Received Import Request.
  Time since last request: 0.000026 seconds.
  path: Assets/Assets/Pre-Evalution/office-assets/source/textures/Poster_1024_Colour.jpeg
  artifactKey: Guid(af485b6e12882a5458cc4eec742455d2) Importer(815301076,1909f56bfc062723c751e8b465ee728b)
Start importing Assets/Assets/Pre-Evalution/office-assets/source/textures/Poster_1024_Colour.jpeg using Guid(af485b6e12882a5458cc4eec742455d2) Importer(815301076,1909f56bfc062723c751e8b465ee728b) [PhysX] Initialized MultithreadedTaskDispatcher with 16 workers.
[PhysX] Initialized MultithreadedTaskDispatcher with 16 workers.
 -> (artifact id: 'ea9885a49c015aab8f3fa89c2976ea2a') in 0.013335 seconds
Number of updated asset objects reloaded before import = 0
Number of asset objects unloaded after import = 2
========================================================================
Received Import Request.
  Time since last request: 0.000022 seconds.
  path: Assets/Assets/Pre-Evalution/office-assets/source/textures/PhotoFrame_20x30_likeA4_512_Normal_OGL_JPEG.jpeg
  artifactKey: Guid(d35cbcf00471b5e4f83c5a80dcd71afc) Importer(815301076,1909f56bfc062723c751e8b465ee728b)
Start importing Assets/Assets/Pre-Evalution/office-assets/source/textures/PhotoFrame_20x30_likeA4_512_Normal_OGL_JPEG.jpeg using Guid(d35cbcf00471b5e4f83c5a80dcd71afc) Importer(815301076,1909f56bfc062723c751e8b465ee728b) [PhysX] Initialized MultithreadedTaskDispatcher with 16 workers.
[PhysX] Initialized MultithreadedTaskDispatcher with 16 workers.
 -> (artifact id: '169c88d4ec891ca7e9755bdd1a07111b') in 0.016193 seconds
Number of updated asset objects reloaded before import = 0
Number of asset objects unloaded after import = 2
========================================================================
Received Import Request.
  Time since last request: 80.821598 seconds.
  path: Assets/Assets/Pre-Evalution/office-assets/source/OfficeAssets_free.blend
  artifactKey: Guid(d66f49e936a8123499a42b1df4716dc6) Importer(815301076,1909f56bfc062723c751e8b465ee728b)
Start importing Assets/Assets/Pre-Evalution/office-assets/source/OfficeAssets_free.blend using Guid(d66f49e936a8123499a42b1df4716dc6) Importer(815301076,1909f56bfc062723c751e8b465ee728b) [PhysX] Initialized MultithreadedTaskDispatcher with 16 workers.
[PhysX] Initialized MultithreadedTaskDispatcher with 16 workers.
[PhysX] Initialized MultithreadedTaskDispatcher with 16 workers.
[PhysX] Initialized MultithreadedTaskDispatcher with 16 workers.
[PhysX] Initialized MultithreadedTaskDispatcher with 16 workers.
[PhysX] Initialized MultithreadedTaskDispatcher with 16 workers.
[PhysX] Initialized MultithreadedTaskDispatcher with 16 workers.
[PhysX] Initialized MultithreadedTaskDispatcher with 16 workers.
[PhysX] Initialized MultithreadedTaskDispatcher with 16 workers.
[PhysX] Initialized MultithreadedTaskDispatcher with 16 workers.
[PhysX] Initialized MultithreadedTaskDispatcher with 16 workers.
[PhysX] Initialized MultithreadedTaskDispatcher with 16 workers.
[PhysX] Initialized MultithreadedTaskDispatcher with 16 workers.
[PhysX] Initialized MultithreadedTaskDispatcher with 16 workers.
[PhysX] Initialized MultithreadedTaskDispatcher with 16 workers.
[PhysX] Initialized MultithreadedTaskDispatcher with 16 workers.
[PhysX] Initialized MultithreadedTaskDispatcher with 16 workers.
[PhysX] Initialized MultithreadedTaskDispatcher with 16 workers.
[PhysX] Initialized MultithreadedTaskDispatcher with 16 workers.
[PhysX] Initialized MultithreadedTaskDispatcher with 16 workers.
[PhysX] Initialized MultithreadedTaskDispatcher with 16 workers.
[PhysX] Initialized MultithreadedTaskDispatcher with 16 workers.
[PhysX] Initialized MultithreadedTaskDispatcher with 16 workers.
[PhysX] Initialized MultithreadedTaskDispatcher with 16 workers.
[PhysX] Initialized MultithreadedTaskDispatcher with 16 workers.
[PhysX] Initialized MultithreadedTaskDispatcher with 16 workers.
[PhysX] Initialized MultithreadedTaskDispatcher with 16 workers.
[PhysX] Initialized MultithreadedTaskDispatcher with 16 workers.
[PhysX] Initialized MultithreadedTaskDispatcher with 16 workers.
[PhysX] Initialized MultithreadedTaskDispatcher with 16 workers.
[PhysX] Initialized MultithreadedTaskDispatcher with 16 workers.
[PhysX] Initialized MultithreadedTaskDispatcher with 16 workers.
[PhysX] Initialized MultithreadedTaskDispatcher with 16 workers.
[PhysX] Initialized MultithreadedTaskDispatcher with 16 workers.
[PhysX] Initialized MultithreadedTaskDispatcher with 16 workers.
[PhysX] Initialized MultithreadedTaskDispatcher with 16 workers.
[PhysX] Initialized MultithreadedTaskDispatcher with 16 workers.
[PhysX] Initialized MultithreadedTaskDispatcher with 16 workers.
[PhysX] Initialized MultithreadedTaskDispatcher with 16 workers.
[PhysX] Initialized MultithreadedTaskDispatcher with 16 workers.
[PhysX] Initialized MultithreadedTaskDispatcher with 16 workers.
[PhysX] Initialized MultithreadedTaskDispatcher with 16 workers.
[PhysX] Initialized MultithreadedTaskDispatcher with 16 workers.
[PhysX] Initialized MultithreadedTaskDispatcher with 16 workers.
[PhysX] Initialized MultithreadedTaskDispatcher with 16 workers.
[PhysX] Initialized MultithreadedTaskDispatcher with 16 workers.
[PhysX] Initialized MultithreadedTaskDispatcher with 16 workers.
[PhysX] Initialized MultithreadedTaskDispatcher with 16 workers.
[PhysX] Initialized MultithreadedTaskDispatcher with 16 workers.
[PhysX] Initialized MultithreadedTaskDispatcher with 16 workers.
[PhysX] Initialized MultithreadedTaskDispatcher with 16 workers.
[PhysX] Initialized MultithreadedTaskDispatcher with 16 workers.
[PhysX] Initialized MultithreadedTaskDispatcher with 16 workers.
[PhysX] Initialized MultithreadedTaskDispatcher with 16 workers.
[PhysX] Initialized MultithreadedTaskDispatcher with 16 workers.
[PhysX] Initialized MultithreadedTaskDispatcher with 16 workers.
[PhysX] Initialized MultithreadedTaskDispatcher with 16 workers.
[PhysX] Initialized MultithreadedTaskDispatcher with 16 workers.
[PhysX] Initialized MultithreadedTaskDispatcher with 16 workers.
[PhysX] Initialized MultithreadedTaskDispatcher with 16 workers.
[PhysX] Initialized MultithreadedTaskDispatcher with 16 workers.
[PhysX] Initialized MultithreadedTaskDispatcher with 16 workers.
[PhysX] Initialized MultithreadedTaskDispatcher with 16 workers.
[PhysX] Initialized MultithreadedTaskDispatcher with 16 workers.
[PhysX] Initialized MultithreadedTaskDispatcher with 16 workers.
[PhysX] Initialized MultithreadedTaskDispatcher with 16 workers.
[PhysX] Initialized MultithreadedTaskDispatcher with 16 workers.
[PhysX] Initialized MultithreadedTaskDispatcher with 16 workers.
[PhysX] Initialized MultithreadedTaskDispatcher with 16 workers.
[PhysX] Initialized MultithreadedTaskDispatcher with 16 workers.
[PhysX] Initialized MultithreadedTaskDispatcher with 16 workers.
[PhysX] Initialized MultithreadedTaskDispatcher with 16 workers.
[PhysX] Initialized MultithreadedTaskDispatcher with 16 workers.
[PhysX] Initialized MultithreadedTaskDispatcher with 16 workers.
[PhysX] Initialized MultithreadedTaskDispatcher with 16 workers.
[PhysX] Initialized MultithreadedTaskDispatcher with 16 workers.
[PhysX] Initialized MultithreadedTaskDispatcher with 16 workers.
[PhysX] Initialized MultithreadedTaskDispatcher with 16 workers.
[PhysX] Initialized MultithreadedTaskDispatcher with 16 workers.
[PhysX] Initialized MultithreadedTaskDispatcher with 16 workers.
[PhysX] Initialized MultithreadedTaskDispatcher with 16 workers.
[PhysX] Initialized MultithreadedTaskDispatcher with 16 workers.
[PhysX] Initialized MultithreadedTaskDispatcher with 16 workers.
[PhysX] Initialized MultithreadedTaskDispatcher with 16 workers.
[PhysX] Initialized MultithreadedTaskDispatcher with 16 workers.
[PhysX] Initialized MultithreadedTaskDispatcher with 16 workers.
[PhysX] Initialized MultithreadedTaskDispatcher with 16 workers.
[PhysX] Initialized MultithreadedTaskDispatcher with 16 workers.
[PhysX] Initialized MultithreadedTaskDispatcher with 16 workers.
[PhysX] Initialized MultithreadedTaskDispatcher with 16 workers.
 -> (artifact id: '508022317a39c29de6e1191fc13dd896') in 0.278246 seconds
Number of updated asset objects reloaded before import = 0
Number of asset objects unloaded after import = 308
========================================================================
Received Import Request.
  Time since last request: 22.341442 seconds.
  path: Assets/Assets/Pre-Evalution/office-assets/source/Materials
  artifactKey: Guid(77b5e0cf75955a3429a9cda7ab73a690) Importer(815301076,1909f56bfc062723c751e8b465ee728b)
Start importing Assets/Assets/Pre-Evalution/office-assets/source/Materials using Guid(77b5e0cf75955a3429a9cda7ab73a690) Importer(815301076,1909f56bfc062723c751e8b465ee728b) [PhysX] Initialized MultithreadedTaskDispatcher with 16 workers.
 -> (artifact id: '2b90378b56ac0f78efe1e62a7234eb63') in 0.000989 seconds
Number of updated asset objects reloaded before import = 0
Number of asset objects unloaded after import = 0
========================================================================
Received Import Request.
  Time since last request: 11.253011 seconds.
  path: Assets/Assets/Pre-Evalution/office-assets/source/OfficeAssets_free.blend
  artifactKey: Guid(d66f49e936a8123499a42b1df4716dc6) Importer(815301076,1909f56bfc062723c751e8b465ee728b)
Start importing Assets/Assets/Pre-Evalution/office-assets/source/OfficeAssets_free.blend using Guid(d66f49e936a8123499a42b1df4716dc6) Importer(815301076,1909f56bfc062723c751e8b465ee728b) [PhysX] Initialized MultithreadedTaskDispatcher with 16 workers.
[PhysX] Initialized MultithreadedTaskDispatcher with 16 workers.
[PhysX] Initialized MultithreadedTaskDispatcher with 16 workers.
[PhysX] Initialized MultithreadedTaskDispatcher with 16 workers.
[PhysX] Initialized MultithreadedTaskDispatcher with 16 workers.
[PhysX] Initialized MultithreadedTaskDispatcher with 16 workers.
[PhysX] Initialized MultithreadedTaskDispatcher with 16 workers.
[PhysX] Initialized MultithreadedTaskDispatcher with 16 workers.
[PhysX] Initialized MultithreadedTaskDispatcher with 16 workers.
[PhysX] Initialized MultithreadedTaskDispatcher with 16 workers.
[PhysX] Initialized MultithreadedTaskDispatcher with 16 workers.
[PhysX] Initialized MultithreadedTaskDispatcher with 16 workers.
[PhysX] Initialized MultithreadedTaskDispatcher with 16 workers.
[PhysX] Initialized MultithreadedTaskDispatcher with 16 workers.
[PhysX] Initialized MultithreadedTaskDispatcher with 16 workers.
[PhysX] Initialized MultithreadedTaskDispatcher with 16 workers.
[PhysX] Initialized MultithreadedTaskDispatcher with 16 workers.
[PhysX] Initialized MultithreadedTaskDispatcher with 16 workers.
[PhysX] Initialized MultithreadedTaskDispatcher with 16 workers.
[PhysX] Initialized MultithreadedTaskDispatcher with 16 workers.
[PhysX] Initialized MultithreadedTaskDispatcher with 16 workers.
[PhysX] Initialized MultithreadedTaskDispatcher with 16 workers.
[PhysX] Initialized MultithreadedTaskDispatcher with 16 workers.
[PhysX] Initialized MultithreadedTaskDispatcher with 16 workers.
[PhysX] Initialized MultithreadedTaskDispatcher with 16 workers.
[PhysX] Initialized MultithreadedTaskDispatcher with 16 workers.
[PhysX] Initialized MultithreadedTaskDispatcher with 16 workers.
[PhysX] Initialized MultithreadedTaskDispatcher with 16 workers.
[PhysX] Initialized MultithreadedTaskDispatcher with 16 workers.
[PhysX] Initialized MultithreadedTaskDispatcher with 16 workers.
[PhysX] Initialized MultithreadedTaskDispatcher with 16 workers.
[PhysX] Initialized MultithreadedTaskDispatcher with 16 workers.
[PhysX] Initialized MultithreadedTaskDispatcher with 16 workers.
[PhysX] Initialized MultithreadedTaskDispatcher with 16 workers.
[PhysX] Initialized MultithreadedTaskDispatcher with 16 workers.
[PhysX] Initialized MultithreadedTaskDispatcher with 16 workers.
[PhysX] Initialized MultithreadedTaskDispatcher with 16 workers.
[PhysX] Initialized MultithreadedTaskDispatcher with 16 workers.
[PhysX] Initialized MultithreadedTaskDispatcher with 16 workers.
[PhysX] Initialized MultithreadedTaskDispatcher with 16 workers.
[PhysX] Initialized MultithreadedTaskDispatcher with 16 workers.
[PhysX] Initialized MultithreadedTaskDispatcher with 16 workers.
[PhysX] Initialized MultithreadedTaskDispatcher with 16 workers.
[PhysX] Initialized MultithreadedTaskDispatcher with 16 workers.
[PhysX] Initialized MultithreadedTaskDispatcher with 16 workers.
[PhysX] Initialized MultithreadedTaskDispatcher with 16 workers.
[PhysX] Initialized MultithreadedTaskDispatcher with 16 workers.
[PhysX] Initialized MultithreadedTaskDispatcher with 16 workers.
[PhysX] Initialized MultithreadedTaskDispatcher with 16 workers.
[PhysX] Initialized MultithreadedTaskDispatcher with 16 workers.
[PhysX] Initialized MultithreadedTaskDispatcher with 16 workers.
[PhysX] Initialized MultithreadedTaskDispatcher with 16 workers.
[PhysX] Initialized MultithreadedTaskDispatcher with 16 workers.
[PhysX] Initialized MultithreadedTaskDispatcher with 16 workers.
[PhysX] Initialized MultithreadedTaskDispatcher with 16 workers.
[PhysX] Initialized MultithreadedTaskDispatcher with 16 workers.
[PhysX] Initialized MultithreadedTaskDispatcher with 16 workers.
[PhysX] Initialized MultithreadedTaskDispatcher with 16 workers.
[PhysX] Initialized MultithreadedTaskDispatcher with 16 workers.
[PhysX] Initialized MultithreadedTaskDispatcher with 16 workers.
[PhysX] Initialized MultithreadedTaskDispatcher with 16 workers.
[PhysX] Initialized MultithreadedTaskDispatcher with 16 workers.
[PhysX] Initialized MultithreadedTaskDispatcher with 16 workers.
[PhysX] Initialized MultithreadedTaskDispatcher with 16 workers.
[PhysX] Initialized MultithreadedTaskDispatcher with 16 workers.
[PhysX] Initialized MultithreadedTaskDispatcher with 16 workers.
[PhysX] Initialized MultithreadedTaskDispatcher with 16 workers.
[PhysX] Initialized MultithreadedTaskDispatcher with 16 workers.
[PhysX] Initialized MultithreadedTaskDispatcher with 16 workers.
[PhysX] Initialized MultithreadedTaskDispatcher with 16 workers.
[PhysX] Initialized MultithreadedTaskDispatcher with 16 workers.
[PhysX] Initialized MultithreadedTaskDispatcher with 16 workers.
[PhysX] Initialized MultithreadedTaskDispatcher with 16 workers.
[PhysX] Initialized MultithreadedTaskDispatcher with 16 workers.
[PhysX] Initialized MultithreadedTaskDispatcher with 16 workers.
[PhysX] Initialized MultithreadedTaskDispatcher with 16 workers.
[PhysX] Initialized MultithreadedTaskDispatcher with 16 workers.
[PhysX] Initialized MultithreadedTaskDispatcher with 16 workers.
[PhysX] Initialized MultithreadedTaskDispatcher with 16 workers.
[PhysX] Initialized MultithreadedTaskDispatcher with 16 workers.
[PhysX] Initialized MultithreadedTaskDispatcher with 16 workers.
[PhysX] Initialized MultithreadedTaskDispatcher with 16 workers.
[PhysX] Initialized MultithreadedTaskDispatcher with 16 workers.
[PhysX] Initialized MultithreadedTaskDispatcher with 16 workers.
[PhysX] Initialized MultithreadedTaskDispatcher with 16 workers.
[PhysX] Initialized MultithreadedTaskDispatcher with 16 workers.
[PhysX] Initialized MultithreadedTaskDispatcher with 16 workers.
[PhysX] Initialized MultithreadedTaskDispatcher with 16 workers.
[PhysX] Initialized MultithreadedTaskDispatcher with 16 workers.
[PhysX] Initialized MultithreadedTaskDispatcher with 16 workers.
 -> (artifact id: '75643d840467fd0b45523271754cf374') in 0.256694 seconds
Number of updated asset objects reloaded before import = 0
Number of asset objects unloaded after import = 294
========================================================================
Received Import Request.
  Time since last request: 25.786504 seconds.
  path: Assets/Assets/Pre-Evalution/office-assets/source/OfficeAssets_free.blend
  artifactKey: Guid(d66f49e936a8123499a42b1df4716dc6) Importer(815301076,1909f56bfc062723c751e8b465ee728b)
Start importing Assets/Assets/Pre-Evalution/office-assets/source/OfficeAssets_free.blend using Guid(d66f49e936a8123499a42b1df4716dc6) Importer(815301076,1909f56bfc062723c751e8b465ee728b) [PhysX] Initialized MultithreadedTaskDispatcher with 16 workers.
[PhysX] Initialized MultithreadedTaskDispatcher with 16 workers.
[PhysX] Initialized MultithreadedTaskDispatcher with 16 workers.
[PhysX] Initialized MultithreadedTaskDispatcher with 16 workers.
[PhysX] Initialized MultithreadedTaskDispatcher with 16 workers.
[PhysX] Initialized MultithreadedTaskDispatcher with 16 workers.
[PhysX] Initialized MultithreadedTaskDispatcher with 16 workers.
[PhysX] Initialized MultithreadedTaskDispatcher with 16 workers.
[PhysX] Initialized MultithreadedTaskDispatcher with 16 workers.
[PhysX] Initialized MultithreadedTaskDispatcher with 16 workers.
[PhysX] Initialized MultithreadedTaskDispatcher with 16 workers.
[PhysX] Initialized MultithreadedTaskDispatcher with 16 workers.
[PhysX] Initialized MultithreadedTaskDispatcher with 16 workers.
[PhysX] Initialized MultithreadedTaskDispatcher with 16 workers.
[PhysX] Initialized MultithreadedTaskDispatcher with 16 workers.
[PhysX] Initialized MultithreadedTaskDispatcher with 16 workers.
[PhysX] Initialized MultithreadedTaskDispatcher with 16 workers.
[PhysX] Initialized MultithreadedTaskDispatcher with 16 workers.
[PhysX] Initialized MultithreadedTaskDispatcher with 16 workers.
[PhysX] Initialized MultithreadedTaskDispatcher with 16 workers.
[PhysX] Initialized MultithreadedTaskDispatcher with 16 workers.
[PhysX] Initialized MultithreadedTaskDispatcher with 16 workers.
[PhysX] Initialized MultithreadedTaskDispatcher with 16 workers.
[PhysX] Initialized MultithreadedTaskDispatcher with 16 workers.
[PhysX] Initialized MultithreadedTaskDispatcher with 16 workers.
[PhysX] Initialized MultithreadedTaskDispatcher with 16 workers.
[PhysX] Initialized MultithreadedTaskDispatcher with 16 workers.
[PhysX] Initialized MultithreadedTaskDispatcher with 16 workers.
[PhysX] Initialized MultithreadedTaskDispatcher with 16 workers.
[PhysX] Initialized MultithreadedTaskDispatcher with 16 workers.
[PhysX] Initialized MultithreadedTaskDispatcher with 16 workers.
[PhysX] Initialized MultithreadedTaskDispatcher with 16 workers.
[PhysX] Initialized MultithreadedTaskDispatcher with 16 workers.
[PhysX] Initialized MultithreadedTaskDispatcher with 16 workers.
[PhysX] Initialized MultithreadedTaskDispatcher with 16 workers.
[PhysX] Initialized MultithreadedTaskDispatcher with 16 workers.
[PhysX] Initialized MultithreadedTaskDispatcher with 16 workers.
[PhysX] Initialized MultithreadedTaskDispatcher with 16 workers.
[PhysX] Initialized MultithreadedTaskDispatcher with 16 workers.
[PhysX] Initialized MultithreadedTaskDispatcher with 16 workers.
[PhysX] Initialized MultithreadedTaskDispatcher with 16 workers.
[PhysX] Initialized MultithreadedTaskDispatcher with 16 workers.
[PhysX] Initialized MultithreadedTaskDispatcher with 16 workers.
[PhysX] Initialized MultithreadedTaskDispatcher with 16 workers.
[PhysX] Initialized MultithreadedTaskDispatcher with 16 workers.
[PhysX] Initialized MultithreadedTaskDispatcher with 16 workers.
[PhysX] Initialized MultithreadedTaskDispatcher with 16 workers.
[PhysX] Initialized MultithreadedTaskDispatcher with 16 workers.
[PhysX] Initialized MultithreadedTaskDispatcher with 16 workers.
[PhysX] Initialized MultithreadedTaskDispatcher with 16 workers.
[PhysX] Initialized MultithreadedTaskDispatcher with 16 workers.
[PhysX] Initialized MultithreadedTaskDispatcher with 16 workers.
[PhysX] Initialized MultithreadedTaskDispatcher with 16 workers.
[PhysX] Initialized MultithreadedTaskDispatcher with 16 workers.
[PhysX] Initialized MultithreadedTaskDispatcher with 16 workers.
[PhysX] Initialized MultithreadedTaskDispatcher with 16 workers.
[PhysX] Initialized MultithreadedTaskDispatcher with 16 workers.
[PhysX] Initialized MultithreadedTaskDispatcher with 16 workers.
[PhysX] Initialized MultithreadedTaskDispatcher with 16 workers.
[PhysX] Initialized MultithreadedTaskDispatcher with 16 workers.
[PhysX] Initialized MultithreadedTaskDispatcher with 16 workers.
[PhysX] Initialized MultithreadedTaskDispatcher with 16 workers.
[PhysX] Initialized MultithreadedTaskDispatcher with 16 workers.
[PhysX] Initialized MultithreadedTaskDispatcher with 16 workers.
[PhysX] Initialized MultithreadedTaskDispatcher with 16 workers.
[PhysX] Initialized MultithreadedTaskDispatcher with 16 workers.
[PhysX] Initialized MultithreadedTaskDispatcher with 16 workers.
[PhysX] Initialized MultithreadedTaskDispatcher with 16 workers.
[PhysX] Initialized MultithreadedTaskDispatcher with 16 workers.
[PhysX] Initialized MultithreadedTaskDispatcher with 16 workers.
[PhysX] Initialized MultithreadedTaskDispatcher with 16 workers.
[PhysX] Initialized MultithreadedTaskDispatcher with 16 workers.
[PhysX] Initialized MultithreadedTaskDispatcher with 16 workers.
[PhysX] Initialized MultithreadedTaskDispatcher with 16 workers.
[PhysX] Initialized MultithreadedTaskDispatcher with 16 workers.
[PhysX] Initialized MultithreadedTaskDispatcher with 16 workers.
[PhysX] Initialized MultithreadedTaskDispatcher with 16 workers.
[PhysX] Initialized MultithreadedTaskDispatcher with 16 workers.
[PhysX] Initialized MultithreadedTaskDispatcher with 16 workers.
[PhysX] Initialized MultithreadedTaskDispatcher with 16 workers.
[PhysX] Initialized MultithreadedTaskDispatcher with 16 workers.
[PhysX] Initialized MultithreadedTaskDispatcher with 16 workers.
[PhysX] Initialized MultithreadedTaskDispatcher with 16 workers.
[PhysX] Initialized MultithreadedTaskDispatcher with 16 workers.
[PhysX] Initialized MultithreadedTaskDispatcher with 16 workers.
[PhysX] Initialized MultithreadedTaskDispatcher with 16 workers.
[PhysX] Initialized MultithreadedTaskDispatcher with 16 workers.
[PhysX] Initialized MultithreadedTaskDispatcher with 16 workers.
[PhysX] Initialized MultithreadedTaskDispatcher with 16 workers.
[PhysX] Initialized MultithreadedTaskDispatcher with 16 workers.
 -> (artifact id: 'ff8b3a651d5c74259cec07115a1d781d') in 0.270883 seconds
Number of updated asset objects reloaded before import = 0
Number of asset objects unloaded after import = 308
========================================================================
Received Import Request.
  Time since last request: 224.682934 seconds.
  path: Assets/Assets/Pre-Evalution/office_-_assets.glb
  artifactKey: Guid(39240de2148fbf84197937c2c2f13350) Importer(815301076,1909f56bfc062723c751e8b465ee728b)
Start importing Assets/Assets/Pre-Evalution/office_-_assets.glb using Guid(39240de2148fbf84197937c2c2f13350) Importer(815301076,1909f56bfc062723c751e8b465ee728b) [PhysX] Initialized MultithreadedTaskDispatcher with 16 workers.
 -> (artifact id: '23cf38959b4325266d242c11afd47706') in 0.002469 seconds
Number of updated asset objects reloaded before import = 0
Number of asset objects unloaded after import = 1
========================================================================
Received Import Request.
  Time since last request: 272.954122 seconds.
  path: Assets/Assets/Pre-Evalution/OfficeAssets_free.fbx
  artifactKey: Guid(dfc1e4521faef704ca40c21aeadd96d7) Importer(815301076,1909f56bfc062723c751e8b465ee728b)
Start importing Assets/Assets/Pre-Evalution/OfficeAssets_free.fbx using Guid(dfc1e4521faef704ca40c21aeadd96d7) Importer(815301076,1909f56bfc062723c751e8b465ee728b) [PhysX] Initialized MultithreadedTaskDispatcher with 16 workers.
[PhysX] Initialized MultithreadedTaskDispatcher with 16 workers.
[PhysX] Initialized MultithreadedTaskDispatcher with 16 workers.
[PhysX] Initialized MultithreadedTaskDispatcher with 16 workers.
[PhysX] Initialized MultithreadedTaskDispatcher with 16 workers.
[PhysX] Initialized MultithreadedTaskDispatcher with 16 workers.
[PhysX] Initialized MultithreadedTaskDispatcher with 16 workers.
[PhysX] Initialized MultithreadedTaskDispatcher with 16 workers.
[PhysX] Initialized MultithreadedTaskDispatcher with 16 workers.
[PhysX] Initialized MultithreadedTaskDispatcher with 16 workers.
[PhysX] Initialized MultithreadedTaskDispatcher with 16 workers.
[PhysX] Initialized MultithreadedTaskDispatcher with 16 workers.
[PhysX] Initialized MultithreadedTaskDispatcher with 16 workers.
[PhysX] Initialized MultithreadedTaskDispatcher with 16 workers.
[PhysX] Initialized MultithreadedTaskDispatcher with 16 workers.
[PhysX] Initialized MultithreadedTaskDispatcher with 16 workers.
[PhysX] Initialized MultithreadedTaskDispatcher with 16 workers.
[PhysX] Initialized MultithreadedTaskDispatcher with 16 workers.
[PhysX] Initialized MultithreadedTaskDispatcher with 16 workers.
[PhysX] Initialized MultithreadedTaskDispatcher with 16 workers.
[PhysX] Initialized MultithreadedTaskDispatcher with 16 workers.
[PhysX] Initialized MultithreadedTaskDispatcher with 16 workers.
[PhysX] Initialized MultithreadedTaskDispatcher with 16 workers.
[PhysX] Initialized MultithreadedTaskDispatcher with 16 workers.
[PhysX] Initialized MultithreadedTaskDispatcher with 16 workers.
[PhysX] Initialized MultithreadedTaskDispatcher with 16 workers.
[PhysX] Initialized MultithreadedTaskDispatcher with 16 workers.
[PhysX] Initialized MultithreadedTaskDispatcher with 16 workers.
[PhysX] Initialized MultithreadedTaskDispatcher with 16 workers.
[PhysX] Initialized MultithreadedTaskDispatcher with 16 workers.
[PhysX] Initialized MultithreadedTaskDispatcher with 16 workers.
[PhysX] Initialized MultithreadedTaskDispatcher with 16 workers.
[PhysX] Initialized MultithreadedTaskDispatcher with 16 workers.
[PhysX] Initialized MultithreadedTaskDispatcher with 16 workers.
[PhysX] Initialized MultithreadedTaskDispatcher with 16 workers.
[PhysX] Initialized MultithreadedTaskDispatcher with 16 workers.
[PhysX] Initialized MultithreadedTaskDispatcher with 16 workers.
[PhysX] Initialized MultithreadedTaskDispatcher with 16 workers.
[PhysX] Initialized MultithreadedTaskDispatcher with 16 workers.
[PhysX] Initialized MultithreadedTaskDispatcher with 16 workers.
[PhysX] Initialized MultithreadedTaskDispatcher with 16 workers.
[PhysX] Initialized MultithreadedTaskDispatcher with 16 workers.
[PhysX] Initialized MultithreadedTaskDispatcher with 16 workers.
[PhysX] Initialized MultithreadedTaskDispatcher with 16 workers.
[PhysX] Initialized MultithreadedTaskDispatcher with 16 workers.
[PhysX] Initialized MultithreadedTaskDispatcher with 16 workers.
[PhysX] Initialized MultithreadedTaskDispatcher with 16 workers.
[PhysX] Initialized MultithreadedTaskDispatcher with 16 workers.
[PhysX] Initialized MultithreadedTaskDispatcher with 16 workers.
[PhysX] Initialized MultithreadedTaskDispatcher with 16 workers.
[PhysX] Initialized MultithreadedTaskDispatcher with 16 workers.
[PhysX] Initialized MultithreadedTaskDispatcher with 16 workers.
[PhysX] Initialized MultithreadedTaskDispatcher with 16 workers.
[PhysX] Initialized MultithreadedTaskDispatcher with 16 workers.
[PhysX] Initialized MultithreadedTaskDispatcher with 16 workers.
[PhysX] Initialized MultithreadedTaskDispatcher with 16 workers.
[PhysX] Initialized MultithreadedTaskDispatcher with 16 workers.
[PhysX] Initialized MultithreadedTaskDispatcher with 16 workers.
[PhysX] Initialized MultithreadedTaskDispatcher with 16 workers.
[PhysX] Initialized MultithreadedTaskDispatcher with 16 workers.
[PhysX] Initialized MultithreadedTaskDispatcher with 16 workers.
[PhysX] Initialized MultithreadedTaskDispatcher with 16 workers.
[PhysX] Initialized MultithreadedTaskDispatcher with 16 workers.
[PhysX] Initialized MultithreadedTaskDispatcher with 16 workers.
[PhysX] Initialized MultithreadedTaskDispatcher with 16 workers.
[PhysX] Initialized MultithreadedTaskDispatcher with 16 workers.
[PhysX] Initialized MultithreadedTaskDispatcher with 16 workers.
[PhysX] Initialized MultithreadedTaskDispatcher with 16 workers.
[PhysX] Initialized MultithreadedTaskDispatcher with 16 workers.
[PhysX] Initialized MultithreadedTaskDispatcher with 16 workers.
[PhysX] Initialized MultithreadedTaskDispatcher with 16 workers.
[PhysX] Initialized MultithreadedTaskDispatcher with 16 workers.
[PhysX] Initialized MultithreadedTaskDispatcher with 16 workers.
[PhysX] Initialized MultithreadedTaskDispatcher with 16 workers.
[PhysX] Initialized MultithreadedTaskDispatcher with 16 workers.
[PhysX] Initialized MultithreadedTaskDispatcher with 16 workers.
[PhysX] Initialized MultithreadedTaskDispatcher with 16 workers.
[PhysX] Initialized MultithreadedTaskDispatcher with 16 workers.
[PhysX] Initialized MultithreadedTaskDispatcher with 16 workers.
[PhysX] Initialized MultithreadedTaskDispatcher with 16 workers.
[PhysX] Initialized MultithreadedTaskDispatcher with 16 workers.
[PhysX] Initialized MultithreadedTaskDispatcher with 16 workers.
[PhysX] Initialized MultithreadedTaskDispatcher with 16 workers.
[PhysX] Initialized MultithreadedTaskDispatcher with 16 workers.
[PhysX] Initialized MultithreadedTaskDispatcher with 16 workers.
[PhysX] Initialized MultithreadedTaskDispatcher with 16 workers.
[PhysX] Initialized MultithreadedTaskDispatcher with 16 workers.
[PhysX] Initialized MultithreadedTaskDispatcher with 16 workers.
[PhysX] Initialized MultithreadedTaskDispatcher with 16 workers.
[PhysX] Initialized MultithreadedTaskDispatcher with 16 workers.
[PhysX] Initialized MultithreadedTaskDispatcher with 16 workers.
[PhysX] Initialized MultithreadedTaskDispatcher with 16 workers.
[PhysX] Initialized MultithreadedTaskDispatcher with 16 workers.
[PhysX] Initialized MultithreadedTaskDispatcher with 16 workers.
[PhysX] Initialized MultithreadedTaskDispatcher with 16 workers.
[PhysX] Initialized MultithreadedTaskDispatcher with 16 workers.
[PhysX] Initialized MultithreadedTaskDispatcher with 16 workers.
[PhysX] Initialized MultithreadedTaskDispatcher with 16 workers.
[PhysX] Initialized MultithreadedTaskDispatcher with 16 workers.
[PhysX] Initialized MultithreadedTaskDispatcher with 16 workers.
[PhysX] Initialized MultithreadedTaskDispatcher with 16 workers.
[PhysX] Initialized MultithreadedTaskDispatcher with 16 workers.
[PhysX] Initialized MultithreadedTaskDispatcher with 16 workers.
[PhysX] Initialized MultithreadedTaskDispatcher with 16 workers.
 -> (artifact id: '5b86acd95dadbc7a7a86c4ae02ab1a4e') in 0.317579 seconds
Number of updated asset objects reloaded before import = 0
Number of asset objects unloaded after import = 308
========================================================================
Received Import Request.
  Time since last request: 7.547726 seconds.
  path: Assets/Assets/Pre-Evalution/OfficeAssets_free.fbx
  artifactKey: Guid(dfc1e4521faef704ca40c21aeadd96d7) Importer(815301076,1909f56bfc062723c751e8b465ee728b)
Start importing Assets/Assets/Pre-Evalution/OfficeAssets_free.fbx using Guid(dfc1e4521faef704ca40c21aeadd96d7) Importer(815301076,1909f56bfc062723c751e8b465ee728b) [PhysX] Initialized MultithreadedTaskDispatcher with 16 workers.
[PhysX] Initialized MultithreadedTaskDispatcher with 16 workers.
[PhysX] Initialized MultithreadedTaskDispatcher with 16 workers.
[PhysX] Initialized MultithreadedTaskDispatcher with 16 workers.
[PhysX] Initialized MultithreadedTaskDispatcher with 16 workers.
[PhysX] Initialized MultithreadedTaskDispatcher with 16 workers.
[PhysX] Initialized MultithreadedTaskDispatcher with 16 workers.
[PhysX] Initialized MultithreadedTaskDispatcher with 16 workers.
[PhysX] Initialized MultithreadedTaskDispatcher with 16 workers.
[PhysX] Initialized MultithreadedTaskDispatcher with 16 workers.
[PhysX] Initialized MultithreadedTaskDispatcher with 16 workers.
[PhysX] Initialized MultithreadedTaskDispatcher with 16 workers.
[PhysX] Initialized MultithreadedTaskDispatcher with 16 workers.
[PhysX] Initialized MultithreadedTaskDispatcher with 16 workers.
[PhysX] Initialized MultithreadedTaskDispatcher with 16 workers.
[PhysX] Initialized MultithreadedTaskDispatcher with 16 workers.
[PhysX] Initialized MultithreadedTaskDispatcher with 16 workers.
[PhysX] Initialized MultithreadedTaskDispatcher with 16 workers.
[PhysX] Initialized MultithreadedTaskDispatcher with 16 workers.
[PhysX] Initialized MultithreadedTaskDispatcher with 16 workers.
[PhysX] Initialized MultithreadedTaskDispatcher with 16 workers.
[PhysX] Initialized MultithreadedTaskDispatcher with 16 workers.
[PhysX] Initialized MultithreadedTaskDispatcher with 16 workers.
[PhysX] Initialized MultithreadedTaskDispatcher with 16 workers.
[PhysX] Initialized MultithreadedTaskDispatcher with 16 workers.
[PhysX] Initialized MultithreadedTaskDispatcher with 16 workers.
[PhysX] Initialized MultithreadedTaskDispatcher with 16 workers.
[PhysX] Initialized MultithreadedTaskDispatcher with 16 workers.
[PhysX] Initialized MultithreadedTaskDispatcher with 16 workers.
[PhysX] Initialized MultithreadedTaskDispatcher with 16 workers.
[PhysX] Initialized MultithreadedTaskDispatcher with 16 workers.
[PhysX] Initialized MultithreadedTaskDispatcher with 16 workers.
[PhysX] Initialized MultithreadedTaskDispatcher with 16 workers.
[PhysX] Initialized MultithreadedTaskDispatcher with 16 workers.
[PhysX] Initialized MultithreadedTaskDispatcher with 16 workers.
[PhysX] Initialized MultithreadedTaskDispatcher with 16 workers.
[PhysX] Initialized MultithreadedTaskDispatcher with 16 workers.
[PhysX] Initialized MultithreadedTaskDispatcher with 16 workers.
[PhysX] Initialized MultithreadedTaskDispatcher with 16 workers.
[PhysX] Initialized MultithreadedTaskDispatcher with 16 workers.
[PhysX] Initialized MultithreadedTaskDispatcher with 16 workers.
[PhysX] Initialized MultithreadedTaskDispatcher with 16 workers.
[PhysX] Initialized MultithreadedTaskDispatcher with 16 workers.
[PhysX] Initialized MultithreadedTaskDispatcher with 16 workers.
[PhysX] Initialized MultithreadedTaskDispatcher with 16 workers.
[PhysX] Initialized MultithreadedTaskDispatcher with 16 workers.
[PhysX] Initialized MultithreadedTaskDispatcher with 16 workers.
[PhysX] Initialized MultithreadedTaskDispatcher with 16 workers.
[PhysX] Initialized MultithreadedTaskDispatcher with 16 workers.
[PhysX] Initialized MultithreadedTaskDispatcher with 16 workers.
[PhysX] Initialized MultithreadedTaskDispatcher with 16 workers.
[PhysX] Initialized MultithreadedTaskDispatcher with 16 workers.
[PhysX] Initialized MultithreadedTaskDispatcher with 16 workers.
[PhysX] Initialized MultithreadedTaskDispatcher with 16 workers.
[PhysX] Initialized MultithreadedTaskDispatcher with 16 workers.
[PhysX] Initialized MultithreadedTaskDispatcher with 16 workers.
[PhysX] Initialized MultithreadedTaskDispatcher with 16 workers.
[PhysX] Initialized MultithreadedTaskDispatcher with 16 workers.
[PhysX] Initialized MultithreadedTaskDispatcher with 16 workers.
[PhysX] Initialized MultithreadedTaskDispatcher with 16 workers.
[PhysX] Initialized MultithreadedTaskDispatcher with 16 workers.
[PhysX] Initialized MultithreadedTaskDispatcher with 16 workers.
[PhysX] Initialized MultithreadedTaskDispatcher with 16 workers.
[PhysX] Initialized MultithreadedTaskDispatcher with 16 workers.
[PhysX] Initialized MultithreadedTaskDispatcher with 16 workers.
[PhysX] Initialized MultithreadedTaskDispatcher with 16 workers.
[PhysX] Initialized MultithreadedTaskDispatcher with 16 workers.
[PhysX] Initialized MultithreadedTaskDispatcher with 16 workers.
[PhysX] Initialized MultithreadedTaskDispatcher with 16 workers.
[PhysX] Initialized MultithreadedTaskDispatcher with 16 workers.
[PhysX] Initialized MultithreadedTaskDispatcher with 16 workers.
[PhysX] Initialized MultithreadedTaskDispatcher with 16 workers.
[PhysX] Initialized MultithreadedTaskDispatcher with 16 workers.
[PhysX] Initialized MultithreadedTaskDispatcher with 16 workers.
[PhysX] Initialized MultithreadedTaskDispatcher with 16 workers.
[PhysX] Initialized MultithreadedTaskDispatcher with 16 workers.
[PhysX] Initialized MultithreadedTaskDispatcher with 16 workers.
[PhysX] Initialized MultithreadedTaskDispatcher with 16 workers.
[PhysX] Initialized MultithreadedTaskDispatcher with 16 workers.
[PhysX] Initialized MultithreadedTaskDispatcher with 16 workers.
[PhysX] Initialized MultithreadedTaskDispatcher with 16 workers.
[PhysX] Initialized MultithreadedTaskDispatcher with 16 workers.
[PhysX] Initialized MultithreadedTaskDispatcher with 16 workers.
[PhysX] Initialized MultithreadedTaskDispatcher with 16 workers.
[PhysX] Initialized MultithreadedTaskDispatcher with 16 workers.
[PhysX] Initialized MultithreadedTaskDispatcher with 16 workers.
[PhysX] Initialized MultithreadedTaskDispatcher with 16 workers.
[PhysX] Initialized MultithreadedTaskDispatcher with 16 workers.
[PhysX] Initialized MultithreadedTaskDispatcher with 16 workers.
[PhysX] Initialized MultithreadedTaskDispatcher with 16 workers.
[PhysX] Initialized MultithreadedTaskDispatcher with 16 workers.
[PhysX] Initialized MultithreadedTaskDispatcher with 16 workers.
[PhysX] Initialized MultithreadedTaskDispatcher with 16 workers.
[PhysX] Initialized MultithreadedTaskDispatcher with 16 workers.
[PhysX] Initialized MultithreadedTaskDispatcher with 16 workers.
[PhysX] Initialized MultithreadedTaskDispatcher with 16 workers.
[PhysX] Initialized MultithreadedTaskDispatcher with 16 workers.
[PhysX] Initialized MultithreadedTaskDispatcher with 16 workers.
[PhysX] Initialized MultithreadedTaskDispatcher with 16 workers.
[PhysX] Initialized MultithreadedTaskDispatcher with 16 workers.
[PhysX] Initialized MultithreadedTaskDispatcher with 16 workers.
[PhysX] Initialized MultithreadedTaskDispatcher with 16 workers.
[PhysX] Initialized MultithreadedTaskDispatcher with 16 workers.
[PhysX] Initialized MultithreadedTaskDispatcher with 16 workers.
 -> (artifact id: 'b21f42d371352788ab53bd3805916f81') in 0.279915 seconds
Number of updated asset objects reloaded before import = 0
Number of asset objects unloaded after import = 308
========================================================================
Received Import Request.
  Time since last request: 3.218275 seconds.
  path: Assets/Assets/Pre-Evalution/OfficeAssets_free.fbx
  artifactKey: Guid(dfc1e4521faef704ca40c21aeadd96d7) Importer(815301076,1909f56bfc062723c751e8b465ee728b)
Start importing Assets/Assets/Pre-Evalution/OfficeAssets_free.fbx using Guid(dfc1e4521faef704ca40c21aeadd96d7) Importer(815301076,1909f56bfc062723c751e8b465ee728b) [PhysX] Initialized MultithreadedTaskDispatcher with 16 workers.
[PhysX] Initialized MultithreadedTaskDispatcher with 16 workers.
[PhysX] Initialized MultithreadedTaskDispatcher with 16 workers.
[PhysX] Initialized MultithreadedTaskDispatcher with 16 workers.
[PhysX] Initialized MultithreadedTaskDispatcher with 16 workers.
[PhysX] Initialized MultithreadedTaskDispatcher with 16 workers.
[PhysX] Initialized MultithreadedTaskDispatcher with 16 workers.
[PhysX] Initialized MultithreadedTaskDispatcher with 16 workers.
[PhysX] Initialized MultithreadedTaskDispatcher with 16 workers.
[PhysX] Initialized MultithreadedTaskDispatcher with 16 workers.
[PhysX] Initialized MultithreadedTaskDispatcher with 16 workers.
[PhysX] Initialized MultithreadedTaskDispatcher with 16 workers.
[PhysX] Initialized MultithreadedTaskDispatcher with 16 workers.
[PhysX] Initialized MultithreadedTaskDispatcher with 16 workers.
[PhysX] Initialized MultithreadedTaskDispatcher with 16 workers.
[PhysX] Initialized MultithreadedTaskDispatcher with 16 workers.
[PhysX] Initialized MultithreadedTaskDispatcher with 16 workers.
[PhysX] Initialized MultithreadedTaskDispatcher with 16 workers.
[PhysX] Initialized MultithreadedTaskDispatcher with 16 workers.
[PhysX] Initialized MultithreadedTaskDispatcher with 16 workers.
[PhysX] Initialized MultithreadedTaskDispatcher with 16 workers.
[PhysX] Initialized MultithreadedTaskDispatcher with 16 workers.
[PhysX] Initialized MultithreadedTaskDispatcher with 16 workers.
[PhysX] Initialized MultithreadedTaskDispatcher with 16 workers.
[PhysX] Initialized MultithreadedTaskDispatcher with 16 workers.
[PhysX] Initialized MultithreadedTaskDispatcher with 16 workers.
[PhysX] Initialized MultithreadedTaskDispatcher with 16 workers.
[PhysX] Initialized MultithreadedTaskDispatcher with 16 workers.
[PhysX] Initialized MultithreadedTaskDispatcher with 16 workers.
[PhysX] Initialized MultithreadedTaskDispatcher with 16 workers.
[PhysX] Initialized MultithreadedTaskDispatcher with 16 workers.
[PhysX] Initialized MultithreadedTaskDispatcher with 16 workers.
[PhysX] Initialized MultithreadedTaskDispatcher with 16 workers.
[PhysX] Initialized MultithreadedTaskDispatcher with 16 workers.
[PhysX] Initialized MultithreadedTaskDispatcher with 16 workers.
[PhysX] Initialized MultithreadedTaskDispatcher with 16 workers.
[PhysX] Initialized MultithreadedTaskDispatcher with 16 workers.
[PhysX] Initialized MultithreadedTaskDispatcher with 16 workers.
[PhysX] Initialized MultithreadedTaskDispatcher with 16 workers.
[PhysX] Initialized MultithreadedTaskDispatcher with 16 workers.
[PhysX] Initialized MultithreadedTaskDispatcher with 16 workers.
[PhysX] Initialized MultithreadedTaskDispatcher with 16 workers.
[PhysX] Initialized MultithreadedTaskDispatcher with 16 workers.
[PhysX] Initialized MultithreadedTaskDispatcher with 16 workers.
[PhysX] Initialized MultithreadedTaskDispatcher with 16 workers.
[PhysX] Initialized MultithreadedTaskDispatcher with 16 workers.
[PhysX] Initialized MultithreadedTaskDispatcher with 16 workers.
[PhysX] Initialized MultithreadedTaskDispatcher with 16 workers.
[PhysX] Initialized MultithreadedTaskDispatcher with 16 workers.
[PhysX] Initialized MultithreadedTaskDispatcher with 16 workers.
[PhysX] Initialized MultithreadedTaskDispatcher with 16 workers.
[PhysX] Initialized MultithreadedTaskDispatcher with 16 workers.
[PhysX] Initialized MultithreadedTaskDispatcher with 16 workers.
[PhysX] Initialized MultithreadedTaskDispatcher with 16 workers.
[PhysX] Initialized MultithreadedTaskDispatcher with 16 workers.
[PhysX] Initialized MultithreadedTaskDispatcher with 16 workers.
[PhysX] Initialized MultithreadedTaskDispatcher with 16 workers.
[PhysX] Initialized MultithreadedTaskDispatcher with 16 workers.
[PhysX] Initialized MultithreadedTaskDispatcher with 16 workers.
[PhysX] Initialized MultithreadedTaskDispatcher with 16 workers.
[PhysX] Initialized MultithreadedTaskDispatcher with 16 workers.
[PhysX] Initialized MultithreadedTaskDispatcher with 16 workers.
[PhysX] Initialized MultithreadedTaskDispatcher with 16 workers.
[PhysX] Initialized MultithreadedTaskDispatcher with 16 workers.
[PhysX] Initialized MultithreadedTaskDispatcher with 16 workers.
[PhysX] Initialized MultithreadedTaskDispatcher with 16 workers.
[PhysX] Initialized MultithreadedTaskDispatcher with 16 workers.
[PhysX] Initialized MultithreadedTaskDispatcher with 16 workers.
[PhysX] Initialized MultithreadedTaskDispatcher with 16 workers.
[PhysX] Initialized MultithreadedTaskDispatcher with 16 workers.
[PhysX] Initialized MultithreadedTaskDispatcher with 16 workers.
[PhysX] Initialized MultithreadedTaskDispatcher with 16 workers.
[PhysX] Initialized MultithreadedTaskDispatcher with 16 workers.
[PhysX] Initialized MultithreadedTaskDispatcher with 16 workers.
[PhysX] Initialized MultithreadedTaskDispatcher with 16 workers.
[PhysX] Initialized MultithreadedTaskDispatcher with 16 workers.
[PhysX] Initialized MultithreadedTaskDispatcher with 16 workers.
[PhysX] Initialized MultithreadedTaskDispatcher with 16 workers.
[PhysX] Initialized MultithreadedTaskDispatcher with 16 workers.
[PhysX] Initialized MultithreadedTaskDispatcher with 16 workers.
[PhysX] Initialized MultithreadedTaskDispatcher with 16 workers.
[PhysX] Initialized MultithreadedTaskDispatcher with 16 workers.
[PhysX] Initialized MultithreadedTaskDispatcher with 16 workers.
[PhysX] Initialized MultithreadedTaskDispatcher with 16 workers.
[PhysX] Initialized MultithreadedTaskDispatcher with 16 workers.
[PhysX] Initialized MultithreadedTaskDispatcher with 16 workers.
[PhysX] Initialized MultithreadedTaskDispatcher with 16 workers.
[PhysX] Initialized MultithreadedTaskDispatcher with 16 workers.
[PhysX] Initialized MultithreadedTaskDispatcher with 16 workers.
[PhysX] Initialized MultithreadedTaskDispatcher with 16 workers.
 -> (artifact id: 'bcd60f8501e60bd6a7f14621e6872031') in 0.445578 seconds
Number of updated asset objects reloaded before import = 0
Number of asset objects unloaded after import = 308
========================================================================
Received Import Request.
  Time since last request: 224.985696 seconds.
  path: Assets/Assets/Pre-Evalution/OfficeAssets_free.fbx
  artifactKey: Guid(dfc1e4521faef704ca40c21aeadd96d7) Importer(815301076,1909f56bfc062723c751e8b465ee728b)
Start importing Assets/Assets/Pre-Evalution/OfficeAssets_free.fbx using Guid(dfc1e4521faef704ca40c21aeadd96d7) Importer(815301076,1909f56bfc062723c751e8b465ee728b) [PhysX] Initialized MultithreadedTaskDispatcher with 16 workers.
[PhysX] Initialized MultithreadedTaskDispatcher with 16 workers.
[PhysX] Initialized MultithreadedTaskDispatcher with 16 workers.
[PhysX] Initialized MultithreadedTaskDispatcher with 16 workers.
[PhysX] Initialized MultithreadedTaskDispatcher with 16 workers.
[PhysX] Initialized MultithreadedTaskDispatcher with 16 workers.
[PhysX] Initialized MultithreadedTaskDispatcher with 16 workers.
[PhysX] Initialized MultithreadedTaskDispatcher with 16 workers.
[PhysX] Initialized MultithreadedTaskDispatcher with 16 workers.
[PhysX] Initialized MultithreadedTaskDispatcher with 16 workers.
[PhysX] Initialized MultithreadedTaskDispatcher with 16 workers.
[PhysX] Initialized MultithreadedTaskDispatcher with 16 workers.
[PhysX] Initialized MultithreadedTaskDispatcher with 16 workers.
[PhysX] Initialized MultithreadedTaskDispatcher with 16 workers.
[PhysX] Initialized MultithreadedTaskDispatcher with 16 workers.
[PhysX] Initialized MultithreadedTaskDispatcher with 16 workers.
[PhysX] Initialized MultithreadedTaskDispatcher with 16 workers.
[PhysX] Initialized MultithreadedTaskDispatcher with 16 workers.
[PhysX] Initialized MultithreadedTaskDispatcher with 16 workers.
[PhysX] Initialized MultithreadedTaskDispatcher with 16 workers.
[PhysX] Initialized MultithreadedTaskDispatcher with 16 workers.
[PhysX] Initialized MultithreadedTaskDispatcher with 16 workers.
[PhysX] Initialized MultithreadedTaskDispatcher with 16 workers.
[PhysX] Initialized MultithreadedTaskDispatcher with 16 workers.
[PhysX] Initialized MultithreadedTaskDispatcher with 16 workers.
[PhysX] Initialized MultithreadedTaskDispatcher with 16 workers.
[PhysX] Initialized MultithreadedTaskDispatcher with 16 workers.
[PhysX] Initialized MultithreadedTaskDispatcher with 16 workers.
[PhysX] Initialized MultithreadedTaskDispatcher with 16 workers.
[PhysX] Initialized MultithreadedTaskDispatcher with 16 workers.
[PhysX] Initialized MultithreadedTaskDispatcher with 16 workers.
[PhysX] Initialized MultithreadedTaskDispatcher with 16 workers.
[PhysX] Initialized MultithreadedTaskDispatcher with 16 workers.
[PhysX] Initialized MultithreadedTaskDispatcher with 16 workers.
[PhysX] Initialized MultithreadedTaskDispatcher with 16 workers.
[PhysX] Initialized MultithreadedTaskDispatcher with 16 workers.
[PhysX] Initialized MultithreadedTaskDispatcher with 16 workers.
[PhysX] Initialized MultithreadedTaskDispatcher with 16 workers.
[PhysX] Initialized MultithreadedTaskDispatcher with 16 workers.
[PhysX] Initialized MultithreadedTaskDispatcher with 16 workers.
[PhysX] Initialized MultithreadedTaskDispatcher with 16 workers.
[PhysX] Initialized MultithreadedTaskDispatcher with 16 workers.
[PhysX] Initialized MultithreadedTaskDispatcher with 16 workers.
[PhysX] Initialized MultithreadedTaskDispatcher with 16 workers.
[PhysX] Initialized MultithreadedTaskDispatcher with 16 workers.
[PhysX] Initialized MultithreadedTaskDispatcher with 16 workers.
[PhysX] Initialized MultithreadedTaskDispatcher with 16 workers.
[PhysX] Initialized MultithreadedTaskDispatcher with 16 workers.
[PhysX] Initialized MultithreadedTaskDispatcher with 16 workers.
[PhysX] Initialized MultithreadedTaskDispatcher with 16 workers.
[PhysX] Initialized MultithreadedTaskDispatcher with 16 workers.
[PhysX] Initialized MultithreadedTaskDispatcher with 16 workers.
[PhysX] Initialized MultithreadedTaskDispatcher with 16 workers.
[PhysX] Initialized MultithreadedTaskDispatcher with 16 workers.
[PhysX] Initialized MultithreadedTaskDispatcher with 16 workers.
[PhysX] Initialized MultithreadedTaskDispatcher with 16 workers.
[PhysX] Initialized MultithreadedTaskDispatcher with 16 workers.
[PhysX] Initialized MultithreadedTaskDispatcher with 16 workers.
[PhysX] Initialized MultithreadedTaskDispatcher with 16 workers.
[PhysX] Initialized MultithreadedTaskDispatcher with 16 workers.
[PhysX] Initialized MultithreadedTaskDispatcher with 16 workers.
[PhysX] Initialized MultithreadedTaskDispatcher with 16 workers.
[PhysX] Initialized MultithreadedTaskDispatcher with 16 workers.
[PhysX] Initialized MultithreadedTaskDispatcher with 16 workers.
[PhysX] Initialized MultithreadedTaskDispatcher with 16 workers.
[PhysX] Initialized MultithreadedTaskDispatcher with 16 workers.
[PhysX] Initialized MultithreadedTaskDispatcher with 16 workers.
[PhysX] Initialized MultithreadedTaskDispatcher with 16 workers.
[PhysX] Initialized MultithreadedTaskDispatcher with 16 workers.
[PhysX] Initialized MultithreadedTaskDispatcher with 16 workers.
[PhysX] Initialized MultithreadedTaskDispatcher with 16 workers.
[PhysX] Initialized MultithreadedTaskDispatcher with 16 workers.
[PhysX] Initialized MultithreadedTaskDispatcher with 16 workers.
[PhysX] Initialized MultithreadedTaskDispatcher with 16 workers.
[PhysX] Initialized MultithreadedTaskDispatcher with 16 workers.
[PhysX] Initialized MultithreadedTaskDispatcher with 16 workers.
[PhysX] Initialized MultithreadedTaskDispatcher with 16 workers.
[PhysX] Initialized MultithreadedTaskDispatcher with 16 workers.
[PhysX] Initialized MultithreadedTaskDispatcher with 16 workers.
[PhysX] Initialized MultithreadedTaskDispatcher with 16 workers.
[PhysX] Initialized MultithreadedTaskDispatcher with 16 workers.
[PhysX] Initialized MultithreadedTaskDispatcher with 16 workers.
[PhysX] Initialized MultithreadedTaskDispatcher with 16 workers.
[PhysX] Initialized MultithreadedTaskDispatcher with 16 workers.
[PhysX] Initialized MultithreadedTaskDispatcher with 16 workers.
[PhysX] Initialized MultithreadedTaskDispatcher with 16 workers.
[PhysX] Initialized MultithreadedTaskDispatcher with 16 workers.
[PhysX] Initialized MultithreadedTaskDispatcher with 16 workers.
[PhysX] Initialized MultithreadedTaskDispatcher with 16 workers.
[PhysX] Initialized MultithreadedTaskDispatcher with 16 workers.
[PhysX] Initialized MultithreadedTaskDispatcher with 16 workers.
[PhysX] Initialized MultithreadedTaskDispatcher with 16 workers.
[PhysX] Initialized MultithreadedTaskDispatcher with 16 workers.
[PhysX] Initialized MultithreadedTaskDispatcher with 16 workers.
[PhysX] Initialized MultithreadedTaskDispatcher with 16 workers.
[PhysX] Initialized MultithreadedTaskDispatcher with 16 workers.
[PhysX] Initialized MultithreadedTaskDispatcher with 16 workers.
[PhysX] Initialized MultithreadedTaskDispatcher with 16 workers.
[PhysX] Initialized MultithreadedTaskDispatcher with 16 workers.
[PhysX] Initialized MultithreadedTaskDispatcher with 16 workers.
[PhysX] Initialized MultithreadedTaskDispatcher with 16 workers.
[PhysX] Initialized MultithreadedTaskDispatcher with 16 workers.
[PhysX] Initialized MultithreadedTaskDispatcher with 16 workers.
[PhysX] Initialized MultithreadedTaskDispatcher with 16 workers.
 -> (artifact id: '9052feba596f361725eae4905e175ada') in 0.348514 seconds
Number of updated asset objects reloaded before import = 0
Number of asset objects unloaded after import = 308
========================================================================
Received Import Request.
  Time since last request: 24.252108 seconds.
  path: Assets/Assets/Pre-Evalution/Materials
  artifactKey: Guid(8f6fa08d3cac66b4686bb1ffe1563ceb) Importer(815301076,1909f56bfc062723c751e8b465ee728b)
Start importing Assets/Assets/Pre-Evalution/Materials using Guid(8f6fa08d3cac66b4686bb1ffe1563ceb) Importer(815301076,1909f56bfc062723c751e8b465ee728b) [PhysX] Initialized MultithreadedTaskDispatcher with 16 workers.
 -> (artifact id: '8956a7e42ebc40e75dfe35c95bcb2da8') in 0.001151 seconds
Number of updated asset objects reloaded before import = 0
Number of asset objects unloaded after import = 0
========================================================================
Received Import Request.
  Time since last request: 8.717006 seconds.
  path: Assets/Assets/Pre-Evalution/OfficeAssets_free.fbx
  artifactKey: Guid(dfc1e4521faef704ca40c21aeadd96d7) Importer(815301076,1909f56bfc062723c751e8b465ee728b)
Start importing Assets/Assets/Pre-Evalution/OfficeAssets_free.fbx using Guid(dfc1e4521faef704ca40c21aeadd96d7) Importer(815301076,1909f56bfc062723c751e8b465ee728b) [PhysX] Initialized MultithreadedTaskDispatcher with 16 workers.
[PhysX] Initialized MultithreadedTaskDispatcher with 16 workers.
[PhysX] Initialized MultithreadedTaskDispatcher with 16 workers.
[PhysX] Initialized MultithreadedTaskDispatcher with 16 workers.
[PhysX] Initialized MultithreadedTaskDispatcher with 16 workers.
[PhysX] Initialized MultithreadedTaskDispatcher with 16 workers.
[PhysX] Initialized MultithreadedTaskDispatcher with 16 workers.
[PhysX] Initialized MultithreadedTaskDispatcher with 16 workers.
[PhysX] Initialized MultithreadedTaskDispatcher with 16 workers.
[PhysX] Initialized MultithreadedTaskDispatcher with 16 workers.
[PhysX] Initialized MultithreadedTaskDispatcher with 16 workers.
[PhysX] Initialized MultithreadedTaskDispatcher with 16 workers.
[PhysX] Initialized MultithreadedTaskDispatcher with 16 workers.
[PhysX] Initialized MultithreadedTaskDispatcher with 16 workers.
[PhysX] Initialized MultithreadedTaskDispatcher with 16 workers.
[PhysX] Initialized MultithreadedTaskDispatcher with 16 workers.
[PhysX] Initialized MultithreadedTaskDispatcher with 16 workers.
[PhysX] Initialized MultithreadedTaskDispatcher with 16 workers.
[PhysX] Initialized MultithreadedTaskDispatcher with 16 workers.
[PhysX] Initialized MultithreadedTaskDispatcher with 16 workers.
[PhysX] Initialized MultithreadedTaskDispatcher with 16 workers.
[PhysX] Initialized MultithreadedTaskDispatcher with 16 workers.
[PhysX] Initialized MultithreadedTaskDispatcher with 16 workers.
[PhysX] Initialized MultithreadedTaskDispatcher with 16 workers.
[PhysX] Initialized MultithreadedTaskDispatcher with 16 workers.
[PhysX] Initialized MultithreadedTaskDispatcher with 16 workers.
[PhysX] Initialized MultithreadedTaskDispatcher with 16 workers.
[PhysX] Initialized MultithreadedTaskDispatcher with 16 workers.
[PhysX] Initialized MultithreadedTaskDispatcher with 16 workers.
[PhysX] Initialized MultithreadedTaskDispatcher with 16 workers.
[PhysX] Initialized MultithreadedTaskDispatcher with 16 workers.
[PhysX] Initialized MultithreadedTaskDispatcher with 16 workers.
[PhysX] Initialized MultithreadedTaskDispatcher with 16 workers.
[PhysX] Initialized MultithreadedTaskDispatcher with 16 workers.
[PhysX] Initialized MultithreadedTaskDispatcher with 16 workers.
[PhysX] Initialized MultithreadedTaskDispatcher with 16 workers.
[PhysX] Initialized MultithreadedTaskDispatcher with 16 workers.
[PhysX] Initialized MultithreadedTaskDispatcher with 16 workers.
[PhysX] Initialized MultithreadedTaskDispatcher with 16 workers.
[PhysX] Initialized MultithreadedTaskDispatcher with 16 workers.
[PhysX] Initialized MultithreadedTaskDispatcher with 16 workers.
[PhysX] Initialized MultithreadedTaskDispatcher with 16 workers.
[PhysX] Initialized MultithreadedTaskDispatcher with 16 workers.
[PhysX] Initialized MultithreadedTaskDispatcher with 16 workers.
[PhysX] Initialized MultithreadedTaskDispatcher with 16 workers.
[PhysX] Initialized MultithreadedTaskDispatcher with 16 workers.
[PhysX] Initialized MultithreadedTaskDispatcher with 16 workers.
[PhysX] Initialized MultithreadedTaskDispatcher with 16 workers.
[PhysX] Initialized MultithreadedTaskDispatcher with 16 workers.
[PhysX] Initialized MultithreadedTaskDispatcher with 16 workers.
[PhysX] Initialized MultithreadedTaskDispatcher with 16 workers.
[PhysX] Initialized MultithreadedTaskDispatcher with 16 workers.
[PhysX] Initialized MultithreadedTaskDispatcher with 16 workers.
[PhysX] Initialized MultithreadedTaskDispatcher with 16 workers.
[PhysX] Initialized MultithreadedTaskDispatcher with 16 workers.
[PhysX] Initialized MultithreadedTaskDispatcher with 16 workers.
[PhysX] Initialized MultithreadedTaskDispatcher with 16 workers.
[PhysX] Initialized MultithreadedTaskDispatcher with 16 workers.
[PhysX] Initialized MultithreadedTaskDispatcher with 16 workers.
[PhysX] Initialized MultithreadedTaskDispatcher with 16 workers.
[PhysX] Initialized MultithreadedTaskDispatcher with 16 workers.
[PhysX] Initialized MultithreadedTaskDispatcher with 16 workers.
[PhysX] Initialized MultithreadedTaskDispatcher with 16 workers.
[PhysX] Initialized MultithreadedTaskDispatcher with 16 workers.
[PhysX] Initialized MultithreadedTaskDispatcher with 16 workers.
[PhysX] Initialized MultithreadedTaskDispatcher with 16 workers.
[PhysX] Initialized MultithreadedTaskDispatcher with 16 workers.
[PhysX] Initialized MultithreadedTaskDispatcher with 16 workers.
[PhysX] Initialized MultithreadedTaskDispatcher with 16 workers.
[PhysX] Initialized MultithreadedTaskDispatcher with 16 workers.
[PhysX] Initialized MultithreadedTaskDispatcher with 16 workers.
[PhysX] Initialized MultithreadedTaskDispatcher with 16 workers.
[PhysX] Initialized MultithreadedTaskDispatcher with 16 workers.
[PhysX] Initialized MultithreadedTaskDispatcher with 16 workers.
[PhysX] Initialized MultithreadedTaskDispatcher with 16 workers.
[PhysX] Initialized MultithreadedTaskDispatcher with 16 workers.
[PhysX] Initialized MultithreadedTaskDispatcher with 16 workers.
[PhysX] Initialized MultithreadedTaskDispatcher with 16 workers.
[PhysX] Initialized MultithreadedTaskDispatcher with 16 workers.
[PhysX] Initialized MultithreadedTaskDispatcher with 16 workers.
[PhysX] Initialized MultithreadedTaskDispatcher with 16 workers.
[PhysX] Initialized MultithreadedTaskDispatcher with 16 workers.
[PhysX] Initialized MultithreadedTaskDispatcher with 16 workers.
[PhysX] Initialized MultithreadedTaskDispatcher with 16 workers.
[PhysX] Initialized MultithreadedTaskDispatcher with 16 workers.
[PhysX] Initialized MultithreadedTaskDispatcher with 16 workers.
[PhysX] Initialized MultithreadedTaskDispatcher with 16 workers.
[PhysX] Initialized MultithreadedTaskDispatcher with 16 workers.
[PhysX] Initialized MultithreadedTaskDispatcher with 16 workers.
[PhysX] Initialized MultithreadedTaskDispatcher with 16 workers.
 -> (artifact id: '6b718d8c18172d3741a7a523963e779c') in 0.292260 seconds
Number of updated asset objects reloaded before import = 0
Number of asset objects unloaded after import = 308
========================================================================
Received Import Request.
  Time since last request: 9.251669 seconds.
  path: Assets/Assets/Pre-Evalution/OfficeAssets_free.fbx
  artifactKey: Guid(dfc1e4521faef704ca40c21aeadd96d7) Importer(815301076,1909f56bfc062723c751e8b465ee728b)
Start importing Assets/Assets/Pre-Evalution/OfficeAssets_free.fbx using Guid(dfc1e4521faef704ca40c21aeadd96d7) Importer(815301076,1909f56bfc062723c751e8b465ee728b) [PhysX] Initialized MultithreadedTaskDispatcher with 16 workers.
[PhysX] Initialized MultithreadedTaskDispatcher with 16 workers.
[PhysX] Initialized MultithreadedTaskDispatcher with 16 workers.
[PhysX] Initialized MultithreadedTaskDispatcher with 16 workers.
[PhysX] Initialized MultithreadedTaskDispatcher with 16 workers.
[PhysX] Initialized MultithreadedTaskDispatcher with 16 workers.
[PhysX] Initialized MultithreadedTaskDispatcher with 16 workers.
[PhysX] Initialized MultithreadedTaskDispatcher with 16 workers.
[PhysX] Initialized MultithreadedTaskDispatcher with 16 workers.
[PhysX] Initialized MultithreadedTaskDispatcher with 16 workers.
[PhysX] Initialized MultithreadedTaskDispatcher with 16 workers.
[PhysX] Initialized MultithreadedTaskDispatcher with 16 workers.
[PhysX] Initialized MultithreadedTaskDispatcher with 16 workers.
[PhysX] Initialized MultithreadedTaskDispatcher with 16 workers.
[PhysX] Initialized MultithreadedTaskDispatcher with 16 workers.
[PhysX] Initialized MultithreadedTaskDispatcher with 16 workers.
[PhysX] Initialized MultithreadedTaskDispatcher with 16 workers.
[PhysX] Initialized MultithreadedTaskDispatcher with 16 workers.
[PhysX] Initialized MultithreadedTaskDispatcher with 16 workers.
[PhysX] Initialized MultithreadedTaskDispatcher with 16 workers.
[PhysX] Initialized MultithreadedTaskDispatcher with 16 workers.
[PhysX] Initialized MultithreadedTaskDispatcher with 16 workers.
[PhysX] Initialized MultithreadedTaskDispatcher with 16 workers.
[PhysX] Initialized MultithreadedTaskDispatcher with 16 workers.
[PhysX] Initialized MultithreadedTaskDispatcher with 16 workers.
[PhysX] Initialized MultithreadedTaskDispatcher with 16 workers.
[PhysX] Initialized MultithreadedTaskDispatcher with 16 workers.
[PhysX] Initialized MultithreadedTaskDispatcher with 16 workers.
[PhysX] Initialized MultithreadedTaskDispatcher with 16 workers.
[PhysX] Initialized MultithreadedTaskDispatcher with 16 workers.
[PhysX] Initialized MultithreadedTaskDispatcher with 16 workers.
[PhysX] Initialized MultithreadedTaskDispatcher with 16 workers.
[PhysX] Initialized MultithreadedTaskDispatcher with 16 workers.
[PhysX] Initialized MultithreadedTaskDispatcher with 16 workers.
[PhysX] Initialized MultithreadedTaskDispatcher with 16 workers.
[PhysX] Initialized MultithreadedTaskDispatcher with 16 workers.
[PhysX] Initialized MultithreadedTaskDispatcher with 16 workers.
[PhysX] Initialized MultithreadedTaskDispatcher with 16 workers.
[PhysX] Initialized MultithreadedTaskDispatcher with 16 workers.
[PhysX] Initialized MultithreadedTaskDispatcher with 16 workers.
[PhysX] Initialized MultithreadedTaskDispatcher with 16 workers.
[PhysX] Initialized MultithreadedTaskDispatcher with 16 workers.
[PhysX] Initialized MultithreadedTaskDispatcher with 16 workers.
[PhysX] Initialized MultithreadedTaskDispatcher with 16 workers.
[PhysX] Initialized MultithreadedTaskDispatcher with 16 workers.
[PhysX] Initialized MultithreadedTaskDispatcher with 16 workers.
[PhysX] Initialized MultithreadedTaskDispatcher with 16 workers.
[PhysX] Initialized MultithreadedTaskDispatcher with 16 workers.
[PhysX] Initialized MultithreadedTaskDispatcher with 16 workers.
[PhysX] Initialized MultithreadedTaskDispatcher with 16 workers.
[PhysX] Initialized MultithreadedTaskDispatcher with 16 workers.
[PhysX] Initialized MultithreadedTaskDispatcher with 16 workers.
[PhysX] Initialized MultithreadedTaskDispatcher with 16 workers.
[PhysX] Initialized MultithreadedTaskDispatcher with 16 workers.
[PhysX] Initialized MultithreadedTaskDispatcher with 16 workers.
[PhysX] Initialized MultithreadedTaskDispatcher with 16 workers.
[PhysX] Initialized MultithreadedTaskDispatcher with 16 workers.
[PhysX] Initialized MultithreadedTaskDispatcher with 16 workers.
[PhysX] Initialized MultithreadedTaskDispatcher with 16 workers.
[PhysX] Initialized MultithreadedTaskDispatcher with 16 workers.
[PhysX] Initialized MultithreadedTaskDispatcher with 16 workers.
[PhysX] Initialized MultithreadedTaskDispatcher with 16 workers.
[PhysX] Initialized MultithreadedTaskDispatcher with 16 workers.
[PhysX] Initialized MultithreadedTaskDispatcher with 16 workers.
[PhysX] Initialized MultithreadedTaskDispatcher with 16 workers.
[PhysX] Initialized MultithreadedTaskDispatcher with 16 workers.
[PhysX] Initialized MultithreadedTaskDispatcher with 16 workers.
[PhysX] Initialized MultithreadedTaskDispatcher with 16 workers.
[PhysX] Initialized MultithreadedTaskDispatcher with 16 workers.
[PhysX] Initialized MultithreadedTaskDispatcher with 16 workers.
[PhysX] Initialized MultithreadedTaskDispatcher with 16 workers.
[PhysX] Initialized MultithreadedTaskDispatcher with 16 workers.
[PhysX] Initialized MultithreadedTaskDispatcher with 16 workers.
[PhysX] Initialized MultithreadedTaskDispatcher with 16 workers.
[PhysX] Initialized MultithreadedTaskDispatcher with 16 workers.
[PhysX] Initialized MultithreadedTaskDispatcher with 16 workers.
[PhysX] Initialized MultithreadedTaskDispatcher with 16 workers.
[PhysX] Initialized MultithreadedTaskDispatcher with 16 workers.
[PhysX] Initialized MultithreadedTaskDispatcher with 16 workers.
[PhysX] Initialized MultithreadedTaskDispatcher with 16 workers.
[PhysX] Initialized MultithreadedTaskDispatcher with 16 workers.
[PhysX] Initialized MultithreadedTaskDispatcher with 16 workers.
[PhysX] Initialized MultithreadedTaskDispatcher with 16 workers.
[PhysX] Initialized MultithreadedTaskDispatcher with 16 workers.
[PhysX] Initialized MultithreadedTaskDispatcher with 16 workers.
[PhysX] Initialized MultithreadedTaskDispatcher with 16 workers.
[PhysX] Initialized MultithreadedTaskDispatcher with 16 workers.
[PhysX] Initialized MultithreadedTaskDispatcher with 16 workers.
[PhysX] Initialized MultithreadedTaskDispatcher with 16 workers.
[PhysX] Initialized MultithreadedTaskDispatcher with 16 workers.
 -> (artifact id: '16c4aafa81578ae2474698b7167f9cf9') in 0.233072 seconds
Number of updated asset objects reloaded before import = 0
Number of asset objects unloaded after import = 308
========================================================================
Received Import Request.
  Time since last request: 27.556874 seconds.
  path: Assets/Assets/Pre-Evalution/OfficeAssets_free.fbx
  artifactKey: Guid(dfc1e4521faef704ca40c21aeadd96d7) Importer(815301076,1909f56bfc062723c751e8b465ee728b)
Start importing Assets/Assets/Pre-Evalution/OfficeAssets_free.fbx using Guid(dfc1e4521faef704ca40c21aeadd96d7) Importer(815301076,1909f56bfc062723c751e8b465ee728b) [PhysX] Initialized MultithreadedTaskDispatcher with 16 workers.
[PhysX] Initialized MultithreadedTaskDispatcher with 16 workers.
[PhysX] Initialized MultithreadedTaskDispatcher with 16 workers.
[PhysX] Initialized MultithreadedTaskDispatcher with 16 workers.
[PhysX] Initialized MultithreadedTaskDispatcher with 16 workers.
[PhysX] Initialized MultithreadedTaskDispatcher with 16 workers.
[PhysX] Initialized MultithreadedTaskDispatcher with 16 workers.
[PhysX] Initialized MultithreadedTaskDispatcher with 16 workers.
[PhysX] Initialized MultithreadedTaskDispatcher with 16 workers.
[PhysX] Initialized MultithreadedTaskDispatcher with 16 workers.
[PhysX] Initialized MultithreadedTaskDispatcher with 16 workers.
[PhysX] Initialized MultithreadedTaskDispatcher with 16 workers.
[PhysX] Initialized MultithreadedTaskDispatcher with 16 workers.
[PhysX] Initialized MultithreadedTaskDispatcher with 16 workers.
[PhysX] Initialized MultithreadedTaskDispatcher with 16 workers.
[PhysX] Initialized MultithreadedTaskDispatcher with 16 workers.
[PhysX] Initialized MultithreadedTaskDispatcher with 16 workers.
[PhysX] Initialized MultithreadedTaskDispatcher with 16 workers.
[PhysX] Initialized MultithreadedTaskDispatcher with 16 workers.
[PhysX] Initialized MultithreadedTaskDispatcher with 16 workers.
[PhysX] Initialized MultithreadedTaskDispatcher with 16 workers.
[PhysX] Initialized MultithreadedTaskDispatcher with 16 workers.
[PhysX] Initialized MultithreadedTaskDispatcher with 16 workers.
[PhysX] Initialized MultithreadedTaskDispatcher with 16 workers.
[PhysX] Initialized MultithreadedTaskDispatcher with 16 workers.
[PhysX] Initialized MultithreadedTaskDispatcher with 16 workers.
[PhysX] Initialized MultithreadedTaskDispatcher with 16 workers.
[PhysX] Initialized MultithreadedTaskDispatcher with 16 workers.
[PhysX] Initialized MultithreadedTaskDispatcher with 16 workers.
[PhysX] Initialized MultithreadedTaskDispatcher with 16 workers.
[PhysX] Initialized MultithreadedTaskDispatcher with 16 workers.
[PhysX] Initialized MultithreadedTaskDispatcher with 16 workers.
[PhysX] Initialized MultithreadedTaskDispatcher with 16 workers.
[PhysX] Initialized MultithreadedTaskDispatcher with 16 workers.
[PhysX] Initialized MultithreadedTaskDispatcher with 16 workers.
[PhysX] Initialized MultithreadedTaskDispatcher with 16 workers.
[PhysX] Initialized MultithreadedTaskDispatcher with 16 workers.
[PhysX] Initialized MultithreadedTaskDispatcher with 16 workers.
[PhysX] Initialized MultithreadedTaskDispatcher with 16 workers.
[PhysX] Initialized MultithreadedTaskDispatcher with 16 workers.
[PhysX] Initialized MultithreadedTaskDispatcher with 16 workers.
[PhysX] Initialized MultithreadedTaskDispatcher with 16 workers.
[PhysX] Initialized MultithreadedTaskDispatcher with 16 workers.
[PhysX] Initialized MultithreadedTaskDispatcher with 16 workers.
[PhysX] Initialized MultithreadedTaskDispatcher with 16 workers.
[PhysX] Initialized MultithreadedTaskDispatcher with 16 workers.
[PhysX] Initialized MultithreadedTaskDispatcher with 16 workers.
[PhysX] Initialized MultithreadedTaskDispatcher with 16 workers.
[PhysX] Initialized MultithreadedTaskDispatcher with 16 workers.
[PhysX] Initialized MultithreadedTaskDispatcher with 16 workers.
[PhysX] Initialized MultithreadedTaskDispatcher with 16 workers.
[PhysX] Initialized MultithreadedTaskDispatcher with 16 workers.
[PhysX] Initialized MultithreadedTaskDispatcher with 16 workers.
[PhysX] Initialized MultithreadedTaskDispatcher with 16 workers.
[PhysX] Initialized MultithreadedTaskDispatcher with 16 workers.
[PhysX] Initialized MultithreadedTaskDispatcher with 16 workers.
[PhysX] Initialized MultithreadedTaskDispatcher with 16 workers.
[PhysX] Initialized MultithreadedTaskDispatcher with 16 workers.
[PhysX] Initialized MultithreadedTaskDispatcher with 16 workers.
[PhysX] Initialized MultithreadedTaskDispatcher with 16 workers.
[PhysX] Initialized MultithreadedTaskDispatcher with 16 workers.
[PhysX] Initialized MultithreadedTaskDispatcher with 16 workers.
[PhysX] Initialized MultithreadedTaskDispatcher with 16 workers.
[PhysX] Initialized MultithreadedTaskDispatcher with 16 workers.
[PhysX] Initialized MultithreadedTaskDispatcher with 16 workers.
[PhysX] Initialized MultithreadedTaskDispatcher with 16 workers.
[PhysX] Initialized MultithreadedTaskDispatcher with 16 workers.
[PhysX] Initialized MultithreadedTaskDispatcher with 16 workers.
[PhysX] Initialized MultithreadedTaskDispatcher with 16 workers.
[PhysX] Initialized MultithreadedTaskDispatcher with 16 workers.
[PhysX] Initialized MultithreadedTaskDispatcher with 16 workers.
[PhysX] Initialized MultithreadedTaskDispatcher with 16 workers.
[PhysX] Initialized MultithreadedTaskDispatcher with 16 workers.
[PhysX] Initialized MultithreadedTaskDispatcher with 16 workers.
[PhysX] Initialized MultithreadedTaskDispatcher with 16 workers.
[PhysX] Initialized MultithreadedTaskDispatcher with 16 workers.
[PhysX] Initialized MultithreadedTaskDispatcher with 16 workers.
[PhysX] Initialized MultithreadedTaskDispatcher with 16 workers.
[PhysX] Initialized MultithreadedTaskDispatcher with 16 workers.
[PhysX] Initialized MultithreadedTaskDispatcher with 16 workers.
[PhysX] Initialized MultithreadedTaskDispatcher with 16 workers.
[PhysX] Initialized MultithreadedTaskDispatcher with 16 workers.
[PhysX] Initialized MultithreadedTaskDispatcher with 16 workers.
[PhysX] Initialized MultithreadedTaskDispatcher with 16 workers.
[PhysX] Initialized MultithreadedTaskDispatcher with 16 workers.
[PhysX] Initialized MultithreadedTaskDispatcher with 16 workers.
[PhysX] Initialized MultithreadedTaskDispatcher with 16 workers.
[PhysX] Initialized MultithreadedTaskDispatcher with 16 workers.
[PhysX] Initialized MultithreadedTaskDispatcher with 16 workers.
[PhysX] Initialized MultithreadedTaskDispatcher with 16 workers.
 -> (artifact id: '6a2aad35effdfcfd847ec136b9f543a0') in 0.246948 seconds
Number of updated asset objects reloaded before import = 0
Number of asset objects unloaded after import = 308
========================================================================
Received Import Request.
  Time since last request: 15.901112 seconds.
  path: Assets/Assets/Pre-Evalution/OfficeAssets_free.fbx
  artifactKey: Guid(dfc1e4521faef704ca40c21aeadd96d7) Importer(815301076,1909f56bfc062723c751e8b465ee728b)
Start importing Assets/Assets/Pre-Evalution/OfficeAssets_free.fbx using Guid(dfc1e4521faef704ca40c21aeadd96d7) Importer(815301076,1909f56bfc062723c751e8b465ee728b) [PhysX] Initialized MultithreadedTaskDispatcher with 16 workers.
[PhysX] Initialized MultithreadedTaskDispatcher with 16 workers.
[PhysX] Initialized MultithreadedTaskDispatcher with 16 workers.
[PhysX] Initialized MultithreadedTaskDispatcher with 16 workers.
[PhysX] Initialized MultithreadedTaskDispatcher with 16 workers.
[PhysX] Initialized MultithreadedTaskDispatcher with 16 workers.
[PhysX] Initialized MultithreadedTaskDispatcher with 16 workers.
[PhysX] Initialized MultithreadedTaskDispatcher with 16 workers.
[PhysX] Initialized MultithreadedTaskDispatcher with 16 workers.
[PhysX] Initialized MultithreadedTaskDispatcher with 16 workers.
[PhysX] Initialized MultithreadedTaskDispatcher with 16 workers.
[PhysX] Initialized MultithreadedTaskDispatcher with 16 workers.
[PhysX] Initialized MultithreadedTaskDispatcher with 16 workers.
[PhysX] Initialized MultithreadedTaskDispatcher with 16 workers.
[PhysX] Initialized MultithreadedTaskDispatcher with 16 workers.
[PhysX] Initialized MultithreadedTaskDispatcher with 16 workers.
[PhysX] Initialized MultithreadedTaskDispatcher with 16 workers.
[PhysX] Initialized MultithreadedTaskDispatcher with 16 workers.
[PhysX] Initialized MultithreadedTaskDispatcher with 16 workers.
[PhysX] Initialized MultithreadedTaskDispatcher with 16 workers.
[PhysX] Initialized MultithreadedTaskDispatcher with 16 workers.
[PhysX] Initialized MultithreadedTaskDispatcher with 16 workers.
[PhysX] Initialized MultithreadedTaskDispatcher with 16 workers.
[PhysX] Initialized MultithreadedTaskDispatcher with 16 workers.
[PhysX] Initialized MultithreadedTaskDispatcher with 16 workers.
[PhysX] Initialized MultithreadedTaskDispatcher with 16 workers.
[PhysX] Initialized MultithreadedTaskDispatcher with 16 workers.
[PhysX] Initialized MultithreadedTaskDispatcher with 16 workers.
[PhysX] Initialized MultithreadedTaskDispatcher with 16 workers.
[PhysX] Initialized MultithreadedTaskDispatcher with 16 workers.
[PhysX] Initialized MultithreadedTaskDispatcher with 16 workers.
[PhysX] Initialized MultithreadedTaskDispatcher with 16 workers.
[PhysX] Initialized MultithreadedTaskDispatcher with 16 workers.
[PhysX] Initialized MultithreadedTaskDispatcher with 16 workers.
[PhysX] Initialized MultithreadedTaskDispatcher with 16 workers.
[PhysX] Initialized MultithreadedTaskDispatcher with 16 workers.
[PhysX] Initialized MultithreadedTaskDispatcher with 16 workers.
[PhysX] Initialized MultithreadedTaskDispatcher with 16 workers.
[PhysX] Initialized MultithreadedTaskDispatcher with 16 workers.
[PhysX] Initialized MultithreadedTaskDispatcher with 16 workers.
[PhysX] Initialized MultithreadedTaskDispatcher with 16 workers.
[PhysX] Initialized MultithreadedTaskDispatcher with 16 workers.
[PhysX] Initialized MultithreadedTaskDispatcher with 16 workers.
[PhysX] Initialized MultithreadedTaskDispatcher with 16 workers.
[PhysX] Initialized MultithreadedTaskDispatcher with 16 workers.
[PhysX] Initialized MultithreadedTaskDispatcher with 16 workers.
[PhysX] Initialized MultithreadedTaskDispatcher with 16 workers.
[PhysX] Initialized MultithreadedTaskDispatcher with 16 workers.
[PhysX] Initialized MultithreadedTaskDispatcher with 16 workers.
[PhysX] Initialized MultithreadedTaskDispatcher with 16 workers.
[PhysX] Initialized MultithreadedTaskDispatcher with 16 workers.
[PhysX] Initialized MultithreadedTaskDispatcher with 16 workers.
[PhysX] Initialized MultithreadedTaskDispatcher with 16 workers.
[PhysX] Initialized MultithreadedTaskDispatcher with 16 workers.
[PhysX] Initialized MultithreadedTaskDispatcher with 16 workers.
[PhysX] Initialized MultithreadedTaskDispatcher with 16 workers.
[PhysX] Initialized MultithreadedTaskDispatcher with 16 workers.
[PhysX] Initialized MultithreadedTaskDispatcher with 16 workers.
[PhysX] Initialized MultithreadedTaskDispatcher with 16 workers.
[PhysX] Initialized MultithreadedTaskDispatcher with 16 workers.
[PhysX] Initialized MultithreadedTaskDispatcher with 16 workers.
[PhysX] Initialized MultithreadedTaskDispatcher with 16 workers.
[PhysX] Initialized MultithreadedTaskDispatcher with 16 workers.
[PhysX] Initialized MultithreadedTaskDispatcher with 16 workers.
[PhysX] Initialized MultithreadedTaskDispatcher with 16 workers.
[PhysX] Initialized MultithreadedTaskDispatcher with 16 workers.
[PhysX] Initialized MultithreadedTaskDispatcher with 16 workers.
[PhysX] Initialized MultithreadedTaskDispatcher with 16 workers.
[PhysX] Initialized MultithreadedTaskDispatcher with 16 workers.
[PhysX] Initialized MultithreadedTaskDispatcher with 16 workers.
[PhysX] Initialized MultithreadedTaskDispatcher with 16 workers.
[PhysX] Initialized MultithreadedTaskDispatcher with 16 workers.
[PhysX] Initialized MultithreadedTaskDispatcher with 16 workers.
[PhysX] Initialized MultithreadedTaskDispatcher with 16 workers.
[PhysX] Initialized MultithreadedTaskDispatcher with 16 workers.
[PhysX] Initialized MultithreadedTaskDispatcher with 16 workers.
[PhysX] Initialized MultithreadedTaskDispatcher with 16 workers.
[PhysX] Initialized MultithreadedTaskDispatcher with 16 workers.
[PhysX] Initialized MultithreadedTaskDispatcher with 16 workers.
[PhysX] Initialized MultithreadedTaskDispatcher with 16 workers.
[PhysX] Initialized MultithreadedTaskDispatcher with 16 workers.
[PhysX] Initialized MultithreadedTaskDispatcher with 16 workers.
[PhysX] Initialized MultithreadedTaskDispatcher with 16 workers.
[PhysX] Initialized MultithreadedTaskDispatcher with 16 workers.
[PhysX] Initialized MultithreadedTaskDispatcher with 16 workers.
[PhysX] Initialized MultithreadedTaskDispatcher with 16 workers.
[PhysX] Initialized MultithreadedTaskDispatcher with 16 workers.
[PhysX] Initialized MultithreadedTaskDispatcher with 16 workers.
[PhysX] Initialized MultithreadedTaskDispatcher with 16 workers.
[PhysX] Initialized MultithreadedTaskDispatcher with 16 workers.
 -> (artifact id: '5578d4687be006f11f2a1701ade28b62') in 0.396177 seconds
Number of updated asset objects reloaded before import = 0
Number of asset objects unloaded after import = 322
========================================================================
Received Import Request.
  Time since last request: 4.169853 seconds.
  path: Assets/Assets/Pre-Evalution/OfficeAssets_free.fbx
  artifactKey: Guid(dfc1e4521faef704ca40c21aeadd96d7) Importer(815301076,1909f56bfc062723c751e8b465ee728b)
Start importing Assets/Assets/Pre-Evalution/OfficeAssets_free.fbx using Guid(dfc1e4521faef704ca40c21aeadd96d7) Importer(815301076,1909f56bfc062723c751e8b465ee728b) [PhysX] Initialized MultithreadedTaskDispatcher with 16 workers.
[PhysX] Initialized MultithreadedTaskDispatcher with 16 workers.
[PhysX] Initialized MultithreadedTaskDispatcher with 16 workers.
[PhysX] Initialized MultithreadedTaskDispatcher with 16 workers.
[PhysX] Initialized MultithreadedTaskDispatcher with 16 workers.
[PhysX] Initialized MultithreadedTaskDispatcher with 16 workers.
[PhysX] Initialized MultithreadedTaskDispatcher with 16 workers.
[PhysX] Initialized MultithreadedTaskDispatcher with 16 workers.
[PhysX] Initialized MultithreadedTaskDispatcher with 16 workers.
[PhysX] Initialized MultithreadedTaskDispatcher with 16 workers.
[PhysX] Initialized MultithreadedTaskDispatcher with 16 workers.
[PhysX] Initialized MultithreadedTaskDispatcher with 16 workers.
[PhysX] Initialized MultithreadedTaskDispatcher with 16 workers.
[PhysX] Initialized MultithreadedTaskDispatcher with 16 workers.
[PhysX] Initialized MultithreadedTaskDispatcher with 16 workers.
[PhysX] Initialized MultithreadedTaskDispatcher with 16 workers.
[PhysX] Initialized MultithreadedTaskDispatcher with 16 workers.
[PhysX] Initialized MultithreadedTaskDispatcher with 16 workers.
[PhysX] Initialized MultithreadedTaskDispatcher with 16 workers.
[PhysX] Initialized MultithreadedTaskDispatcher with 16 workers.
[PhysX] Initialized MultithreadedTaskDispatcher with 16 workers.
[PhysX] Initialized MultithreadedTaskDispatcher with 16 workers.
[PhysX] Initialized MultithreadedTaskDispatcher with 16 workers.
[PhysX] Initialized MultithreadedTaskDispatcher with 16 workers.
[PhysX] Initialized MultithreadedTaskDispatcher with 16 workers.
[PhysX] Initialized MultithreadedTaskDispatcher with 16 workers.
[PhysX] Initialized MultithreadedTaskDispatcher with 16 workers.
[PhysX] Initialized MultithreadedTaskDispatcher with 16 workers.
[PhysX] Initialized MultithreadedTaskDispatcher with 16 workers.
[PhysX] Initialized MultithreadedTaskDispatcher with 16 workers.
[PhysX] Initialized MultithreadedTaskDispatcher with 16 workers.
[PhysX] Initialized MultithreadedTaskDispatcher with 16 workers.
[PhysX] Initialized MultithreadedTaskDispatcher with 16 workers.
[PhysX] Initialized MultithreadedTaskDispatcher with 16 workers.
[PhysX] Initialized MultithreadedTaskDispatcher with 16 workers.
[PhysX] Initialized MultithreadedTaskDispatcher with 16 workers.
[PhysX] Initialized MultithreadedTaskDispatcher with 16 workers.
[PhysX] Initialized MultithreadedTaskDispatcher with 16 workers.
[PhysX] Initialized MultithreadedTaskDispatcher with 16 workers.
[PhysX] Initialized MultithreadedTaskDispatcher with 16 workers.
[PhysX] Initialized MultithreadedTaskDispatcher with 16 workers.
[PhysX] Initialized MultithreadedTaskDispatcher with 16 workers.
[PhysX] Initialized MultithreadedTaskDispatcher with 16 workers.
[PhysX] Initialized MultithreadedTaskDispatcher with 16 workers.
[PhysX] Initialized MultithreadedTaskDispatcher with 16 workers.
[PhysX] Initialized MultithreadedTaskDispatcher with 16 workers.
[PhysX] Initialized MultithreadedTaskDispatcher with 16 workers.
[PhysX] Initialized MultithreadedTaskDispatcher with 16 workers.
[PhysX] Initialized MultithreadedTaskDispatcher with 16 workers.
[PhysX] Initialized MultithreadedTaskDispatcher with 16 workers.
[PhysX] Initialized MultithreadedTaskDispatcher with 16 workers.
[PhysX] Initialized MultithreadedTaskDispatcher with 16 workers.
[PhysX] Initialized MultithreadedTaskDispatcher with 16 workers.
[PhysX] Initialized MultithreadedTaskDispatcher with 16 workers.
[PhysX] Initialized MultithreadedTaskDispatcher with 16 workers.
[PhysX] Initialized MultithreadedTaskDispatcher with 16 workers.
[PhysX] Initialized MultithreadedTaskDispatcher with 16 workers.
[PhysX] Initialized MultithreadedTaskDispatcher with 16 workers.
[PhysX] Initialized MultithreadedTaskDispatcher with 16 workers.
[PhysX] Initialized MultithreadedTaskDispatcher with 16 workers.
[PhysX] Initialized MultithreadedTaskDispatcher with 16 workers.
[PhysX] Initialized MultithreadedTaskDispatcher with 16 workers.
[PhysX] Initialized MultithreadedTaskDispatcher with 16 workers.
[PhysX] Initialized MultithreadedTaskDispatcher with 16 workers.
[PhysX] Initialized MultithreadedTaskDispatcher with 16 workers.
[PhysX] Initialized MultithreadedTaskDispatcher with 16 workers.
[PhysX] Initialized MultithreadedTaskDispatcher with 16 workers.
[PhysX] Initialized MultithreadedTaskDispatcher with 16 workers.
[PhysX] Initialized MultithreadedTaskDispatcher with 16 workers.
[PhysX] Initialized MultithreadedTaskDispatcher with 16 workers.
[PhysX] Initialized MultithreadedTaskDispatcher with 16 workers.
[PhysX] Initialized MultithreadedTaskDispatcher with 16 workers.
[PhysX] Initialized MultithreadedTaskDispatcher with 16 workers.
[PhysX] Initialized MultithreadedTaskDispatcher with 16 workers.
[PhysX] Initialized MultithreadedTaskDispatcher with 16 workers.
[PhysX] Initialized MultithreadedTaskDispatcher with 16 workers.
[PhysX] Initialized MultithreadedTaskDispatcher with 16 workers.
[PhysX] Initialized MultithreadedTaskDispatcher with 16 workers.
[PhysX] Initialized MultithreadedTaskDispatcher with 16 workers.
[PhysX] Initialized MultithreadedTaskDispatcher with 16 workers.
[PhysX] Initialized MultithreadedTaskDispatcher with 16 workers.
[PhysX] Initialized MultithreadedTaskDispatcher with 16 workers.
[PhysX] Initialized MultithreadedTaskDispatcher with 16 workers.
[PhysX] Initialized MultithreadedTaskDispatcher with 16 workers.
[PhysX] Initialized MultithreadedTaskDispatcher with 16 workers.
[PhysX] Initialized MultithreadedTaskDispatcher with 16 workers.
[PhysX] Initialized MultithreadedTaskDispatcher with 16 workers.
[PhysX] Initialized MultithreadedTaskDispatcher with 16 workers.
[PhysX] Initialized MultithreadedTaskDispatcher with 16 workers.
[PhysX] Initialized MultithreadedTaskDispatcher with 16 workers.
 -> (artifact id: '5e375d0cfe69a93b93fedaee54bf95b6') in 0.355129 seconds
Number of updated asset objects reloaded before import = 0
Number of asset objects unloaded after import = 322
